_step,_runtime,bootstrap_iter,_timestamp,epoch,tr_loss,tr_acc,tr lr,tr_eval_acc,ft_eval_acc,ft_loss,ft_acc,lr,epochs,batch_size,input_size,model_type,n_way_test,n_way_train,tgt_dataset,src_datasets,fixed_support,samples_per_class,num_total_episodes,num_bootstrap_iters,exp_name,ft_eval_num,tr_eval_acc_src_data
,315.456644543,0.0,1736878084.4277866,,,,,,0.6150499992370605,,1.0,0.001,1,16,22x22,PrototypicalNetwork,5,5,Greek,TKH,False,1,4000,2,exp5_hyperparameters,0.0,
,629.713737457,0.0,1736878398.730679,,,,,,0.6768000011444092,,1.0,0.001,1,16,22x22,PrototypicalNetwork,5,5,Greek,TKH,False,1,4000,2,exp5_hyperparameters,1.0,
,939.957912018,0.0,1736878708.9748151,,,,,,0.6726500008106232,,1.0,0.001,1,16,22x22,PrototypicalNetwork,5,5,Greek,TKH,False,1,4000,2,exp5_hyperparameters,2.0,
,1250.335022994,0.0,1736879019.351898,,,,,,0.6806000003814697,,1.0,0.001,1,16,22x22,PrototypicalNetwork,5,5,Greek,TKH,False,1,4000,2,exp5_hyperparameters,3.0,
,1562.464612427,0.0,1736879331.4347386,,,,,,0.6786500017642975,,1.0,0.001,1,16,22x22,PrototypicalNetwork,5,5,Greek,TKH,False,1,4000,2,exp5_hyperparameters,4.0,
,1873.868587079,0.0,1736879642.843017,,,,,,0.6848999998569488,,1.0,0.001,1,16,22x22,PrototypicalNetwork,5,5,Greek,TKH,False,1,4000,2,exp5_hyperparameters,5.0,
,2181.432643816,0.0,1736879950.4091277,,,,,,0.678099999666214,,1.0,0.001,1,16,22x22,PrototypicalNetwork,5,5,Greek,TKH,False,1,4000,2,exp5_hyperparameters,6.0,
,2491.288637966,0.0,1736880260.2616384,,,,,,0.6784999988079071,,1.0,0.001,1,16,22x22,PrototypicalNetwork,5,5,Greek,TKH,False,1,4000,2,exp5_hyperparameters,7.0,
,2799.320080905,0.0,1736880568.3367126,,,,,,0.6794999988079071,,1.0,0.001,1,16,22x22,PrototypicalNetwork,5,5,Greek,TKH,False,1,4000,2,exp5_hyperparameters,8.0,
,3114.668602957,0.0,1736880883.643273,,,,,,0.676649998664856,,1.0,0.001,1,16,22x22,PrototypicalNetwork,5,5,Greek,TKH,False,1,4000,2,exp5_hyperparameters,9.0,
,3416.556785627,0.0,1736881185.5339124,,,,,,0.6802499973773957,,1.0,0.001,1,16,22x22,PrototypicalNetwork,5,5,Greek,TKH,False,1,4000,2,exp5_hyperparameters,10.0,
,3722.812634725,1.0,1736881491.787408,,,,,,0.6081499991416931,,1.0,0.001,1,16,22x22,PrototypicalNetwork,5,5,Greek,TKH,False,1,4000,2,exp5_hyperparameters,0.0,
,4043.496615291,1.0,1736881812.4716346,,,,,,0.6747000005245208,,1.0,0.001,1,16,22x22,PrototypicalNetwork,5,5,Greek,TKH,False,1,4000,2,exp5_hyperparameters,1.0,
,4357.005289466,1.0,1736882126.0222309,,,,,,0.6785999994277954,,1.0,0.001,1,16,22x22,PrototypicalNetwork,5,5,Greek,TKH,False,1,4000,2,exp5_hyperparameters,2.0,
,4667.748479763,1.0,1736882436.76543,,,,,,0.6769000000953674,,1.0,0.001,1,16,22x22,PrototypicalNetwork,5,5,Greek,TKH,False,1,4000,2,exp5_hyperparameters,3.0,
,4975.548596972,1.0,1736882744.525257,,,,,,0.6780000019073487,,1.0,0.001,1,16,22x22,PrototypicalNetwork,5,5,Greek,TKH,False,1,4000,2,exp5_hyperparameters,4.0,
,5287.072617828,1.0,1736883056.0478346,,,,,,0.6790499999523163,,1.0,0.001,1,16,22x22,PrototypicalNetwork,5,5,Greek,TKH,False,1,4000,2,exp5_hyperparameters,5.0,
,5601.688656676,1.0,1736883370.6658957,,,,,,0.6753499994277954,,1.0,0.001,1,16,22x22,PrototypicalNetwork,5,5,Greek,TKH,False,1,4000,2,exp5_hyperparameters,6.0,
,5911.322049985,1.0,1736883680.339005,,,,,,0.671300000667572,,1.0,0.001,1,16,22x22,PrototypicalNetwork,5,5,Greek,TKH,False,1,4000,2,exp5_hyperparameters,7.0,
,6217.332598009,1.0,1736883986.308665,,,,,,0.674900000333786,,1.0,0.001,1,16,22x22,PrototypicalNetwork,5,5,Greek,TKH,False,1,4000,2,exp5_hyperparameters,8.0,
,6522.156605498,1.0,1736884291.1329124,,,,,,0.6706499996185302,,1.0,0.001,1,16,22x22,PrototypicalNetwork,5,5,Greek,TKH,False,1,4000,2,exp5_hyperparameters,9.0,
,6831.956697385,1.0,1736884600.9302273,,,,,,0.683,,1.0,0.001,1,16,22x22,PrototypicalNetwork,5,5,Greek,TKH,False,1,4000,2,exp5_hyperparameters,10.0,
,13.410989683,0.0,1736967663.4744616,,,,,,0.3735,,1.0,0.001,1,16,22x22,MatchingNetwork,5,5,Greek,omniglot_SOTA_trainvalSet,False,1,4000,2,exp5_hyperparameters,0.0,
,22.976925752,0.0,1736967673.0403967,,,,,,0.3795,,0.8125,0.001,1,16,22x22,MatchingNetwork,5,5,Greek,omniglot_SOTA_trainvalSet,False,1,4000,2,exp5_hyperparameters,1.0,
,32.693975761,0.0,1736967682.7574625,,,,,,0.3905,,1.0,0.001,1,16,22x22,MatchingNetwork,5,5,Greek,omniglot_SOTA_trainvalSet,False,1,4000,2,exp5_hyperparameters,2.0,
,42.294398948,0.0,1736967692.3578749,,,,,,0.39925,,0.9375,0.001,1,16,22x22,MatchingNetwork,5,5,Greek,omniglot_SOTA_trainvalSet,False,1,4000,2,exp5_hyperparameters,3.0,
,51.919789944,0.0,1736967701.9832714,,,,,,0.389,,0.8125,0.001,1,16,22x22,MatchingNetwork,5,5,Greek,omniglot_SOTA_trainvalSet,False,1,4000,2,exp5_hyperparameters,4.0,
,61.702053277,0.0,1736967711.7655349,,,,,,0.40725,,1.0,0.001,1,16,22x22,MatchingNetwork,5,5,Greek,omniglot_SOTA_trainvalSet,False,1,4000,2,exp5_hyperparameters,5.0,
,71.381795039,0.0,1736967721.4452677,,,,,,0.3995,,1.0,0.001,1,16,22x22,MatchingNetwork,5,5,Greek,omniglot_SOTA_trainvalSet,False,1,4000,2,exp5_hyperparameters,6.0,
,81.103199863,0.0,1736967731.1666856,,,,,,0.39675,,1.0,0.001,1,16,22x22,MatchingNetwork,5,5,Greek,omniglot_SOTA_trainvalSet,False,1,4000,2,exp5_hyperparameters,7.0,
,90.782079426,0.0,1736967740.800301,,,,,,0.41025,,1.0,0.001,1,16,22x22,MatchingNetwork,5,5,Greek,omniglot_SOTA_trainvalSet,False,1,4000,2,exp5_hyperparameters,8.0,
,100.35566932,0.0,1736967750.419147,,,,,,0.40075,,1.0,0.001,1,16,22x22,MatchingNetwork,5,5,Greek,omniglot_SOTA_trainvalSet,False,1,4000,2,exp5_hyperparameters,9.0,
,110.001578844,0.0,1736967760.0650525,,,,,,0.389,,1.0,0.001,1,16,22x22,MatchingNetwork,5,5,Greek,omniglot_SOTA_trainvalSet,False,1,4000,2,exp5_hyperparameters,10.0,
,119.190044725,1.0,1736967769.2535152,,,,,,0.3705,,1.0,0.001,1,16,22x22,MatchingNetwork,5,5,Greek,omniglot_SOTA_trainvalSet,False,1,4000,2,exp5_hyperparameters,0.0,
,128.813026201,1.0,1736967778.8765104,,,,,,0.39125,,0.875,0.001,1,16,22x22,MatchingNetwork,5,5,Greek,omniglot_SOTA_trainvalSet,False,1,4000,2,exp5_hyperparameters,1.0,
,138.45148225,1.0,1736967788.5149682,,,,,,0.389,,1.0,0.001,1,16,22x22,MatchingNetwork,5,5,Greek,omniglot_SOTA_trainvalSet,False,1,4000,2,exp5_hyperparameters,2.0,
,148.099922007,1.0,1736967798.1634042,,,,,,0.40075,,1.0,0.001,1,16,22x22,MatchingNetwork,5,5,Greek,omniglot_SOTA_trainvalSet,False,1,4000,2,exp5_hyperparameters,3.0,
,157.786513948,1.0,1736967807.8499992,,,,,,0.39525,,1.0,0.001,1,16,22x22,MatchingNetwork,5,5,Greek,omniglot_SOTA_trainvalSet,False,1,4000,2,exp5_hyperparameters,4.0,
,167.50365753,1.0,1736967817.5671463,,,,,,0.3925,,1.0,0.001,1,16,22x22,MatchingNetwork,5,5,Greek,omniglot_SOTA_trainvalSet,False,1,4000,2,exp5_hyperparameters,5.0,
,177.157672192,1.0,1736967827.2210674,,,,,,0.36125,,1.0,0.001,1,16,22x22,MatchingNetwork,5,5,Greek,omniglot_SOTA_trainvalSet,False,1,4000,2,exp5_hyperparameters,6.0,
,186.783912734,1.0,1736967836.847394,,,,,,0.38275,,1.0,0.001,1,16,22x22,MatchingNetwork,5,5,Greek,omniglot_SOTA_trainvalSet,False,1,4000,2,exp5_hyperparameters,7.0,
,196.067812102,1.0,1736967846.131285,,,,,,0.3945,,1.0,0.001,1,16,22x22,MatchingNetwork,5,5,Greek,omniglot_SOTA_trainvalSet,False,1,4000,2,exp5_hyperparameters,8.0,
,205.282004677,1.0,1736967855.3454804,,,,,,0.39725,,1.0,0.001,1,16,22x22,MatchingNetwork,5,5,Greek,omniglot_SOTA_trainvalSet,False,1,4000,2,exp5_hyperparameters,9.0,
,214.496387517,1.0,1736967864.5598686,,,,,,0.39175,,1.0,0.001,1,16,22x22,MatchingNetwork,5,5,Greek,omniglot_SOTA_trainvalSet,False,1,4000,2,exp5_hyperparameters,10.0,
,2.832450052,0.0,1736877713.717174,,,,,,0.4775,,1.0,0.001,1,16,22x22,MatchingNetwork,5,5,Egyptian,Greek,False,1,4000,2,exp5_hyperparameters,0.0,
,5.384764288,0.0,1736877716.269471,,,,,,0.4955,,1.0,0.001,1,16,22x22,MatchingNetwork,5,5,Egyptian,Greek,False,1,4000,2,exp5_hyperparameters,1.0,
,7.990968559,0.0,1736877718.875653,,,,,,0.511,,1.0,0.001,1,16,22x22,MatchingNetwork,5,5,Egyptian,Greek,False,1,4000,2,exp5_hyperparameters,2.0,
,10.53287142,0.0,1736877721.374073,,,,,,0.50175,,1.0,0.001,1,16,22x22,MatchingNetwork,5,5,Egyptian,Greek,False,1,4000,2,exp5_hyperparameters,3.0,
,12.965924024,0.0,1736877723.8506346,,,,,,0.49225,,0.875,0.001,1,16,22x22,MatchingNetwork,5,5,Egyptian,Greek,False,1,4000,2,exp5_hyperparameters,4.0,
,15.542516452,0.0,1736877726.427213,,,,,,0.502,,1.0,0.001,1,16,22x22,MatchingNetwork,5,5,Egyptian,Greek,False,1,4000,2,exp5_hyperparameters,5.0,
,18.030474831,0.0,1736877728.9151928,,,,,,0.4895,,1.0,0.001,1,16,22x22,MatchingNetwork,5,5,Egyptian,Greek,False,1,4000,2,exp5_hyperparameters,6.0,
,20.520203668,0.0,1736877731.4049275,,,,,,0.513,,1.0,0.001,1,16,22x22,MatchingNetwork,5,5,Egyptian,Greek,False,1,4000,2,exp5_hyperparameters,7.0,
,23.051221717,0.0,1736877733.9359329,,,,,,0.48875,,1.0,0.001,1,16,22x22,MatchingNetwork,5,5,Egyptian,Greek,False,1,4000,2,exp5_hyperparameters,8.0,
,25.563987202,0.0,1736877736.4486427,,,,,,0.4985,,1.0,0.001,1,16,22x22,MatchingNetwork,5,5,Egyptian,Greek,False,1,4000,2,exp5_hyperparameters,9.0,
,28.056600634,0.0,1736877738.941317,,,,,,0.49825,,1.0,0.001,1,16,22x22,MatchingNetwork,5,5,Egyptian,Greek,False,1,4000,2,exp5_hyperparameters,10.0,
,30.051817723,1.0,1736877740.9365091,,,,,,0.4775,,1.0,0.001,1,16,22x22,MatchingNetwork,5,5,Egyptian,Greek,False,1,4000,2,exp5_hyperparameters,0.0,
,32.539003129,1.0,1736877743.4236894,,,,,,0.49675,,1.0,0.001,1,16,22x22,MatchingNetwork,5,5,Egyptian,Greek,False,1,4000,2,exp5_hyperparameters,1.0,
,35.092491014,1.0,1736877745.977203,,,,,,0.50025,,1.0,0.001,1,16,22x22,MatchingNetwork,5,5,Egyptian,Greek,False,1,4000,2,exp5_hyperparameters,2.0,
,37.618632602,1.0,1736877748.503332,,,,,,0.50425,,1.0,0.001,1,16,22x22,MatchingNetwork,5,5,Egyptian,Greek,False,1,4000,2,exp5_hyperparameters,3.0,
,40.227924804,1.0,1736877751.1126225,,,,,,0.49875,,1.0,0.001,1,16,22x22,MatchingNetwork,5,5,Egyptian,Greek,False,1,4000,2,exp5_hyperparameters,4.0,
,42.776206656,1.0,1736877753.6609223,,,,,,0.507,,1.0,0.001,1,16,22x22,MatchingNetwork,5,5,Egyptian,Greek,False,1,4000,2,exp5_hyperparameters,5.0,
,45.273492984,1.0,1736877756.1582134,,,,,,0.50725,,1.0,0.001,1,16,22x22,MatchingNetwork,5,5,Egyptian,Greek,False,1,4000,2,exp5_hyperparameters,6.0,
,47.772568306,1.0,1736877758.6572876,,,,,,0.513,,0.9375,0.001,1,16,22x22,MatchingNetwork,5,5,Egyptian,Greek,False,1,4000,2,exp5_hyperparameters,7.0,
,50.31521771,1.0,1736877761.199947,,,,,,0.497,,1.0,0.001,1,16,22x22,MatchingNetwork,5,5,Egyptian,Greek,False,1,4000,2,exp5_hyperparameters,8.0,
,52.828091785,1.0,1736877763.7128034,,,,,,0.50275,,1.0,0.001,1,16,22x22,MatchingNetwork,5,5,Egyptian,Greek,False,1,4000,2,exp5_hyperparameters,9.0,
,55.344889589,1.0,1736877766.229602,,,,,,0.488,,1.0,0.001,1,16,22x22,MatchingNetwork,5,5,Egyptian,Greek,False,1,4000,2,exp5_hyperparameters,10.0,
,2278.899199772,0.0,1736970146.3538003,,,0.987500011920929,0.0004846784525639,,0.8090999989509583,,0.8374999761581421,0.001,1,16,22x22,PrototypicalNetwork,5,5,Greek,b-59-850,False,5,4000,2,exp5_hyperparameters,0.0,
,3384.778939644,0.0,1736971252.1907077,,,0.987500011920929,0.0004846784525639,,0.9024999997615816,,1.0,0.001,1,16,22x22,PrototypicalNetwork,5,5,Greek,b-59-850,False,5,4000,2,exp5_hyperparameters,1.0,
,4471.40694126,0.0,1736972338.8199215,,,0.987500011920929,0.0004846784525639,,0.9005000002384186,,1.0,0.001,1,16,22x22,PrototypicalNetwork,5,5,Greek,b-59-850,False,5,4000,2,exp5_hyperparameters,2.0,
,5573.762928448,0.0,1736973441.1749506,,,0.987500011920929,0.0004846784525639,,0.901699999332428,,1.0,0.001,1,16,22x22,PrototypicalNetwork,5,5,Greek,b-59-850,False,5,4000,2,exp5_hyperparameters,3.0,
,6654.666941304,0.0,1736974522.0791368,,,0.987500011920929,0.0004846784525639,,0.900599997997284,,1.0,0.001,1,16,22x22,PrototypicalNetwork,5,5,Greek,b-59-850,False,5,4000,2,exp5_hyperparameters,4.0,
,7743.026920701,0.0,1736975610.4401224,,,0.987500011920929,0.0004846784525639,,0.8982499997615814,,1.0,0.001,1,16,22x22,PrototypicalNetwork,5,5,Greek,b-59-850,False,5,4000,2,exp5_hyperparameters,5.0,
,8837.325438132,0.0,1736976704.780002,,,0.987500011920929,0.0004846784525639,,0.9022000007629396,,1.0,0.001,1,16,22x22,PrototypicalNetwork,5,5,Greek,b-59-850,False,5,4000,2,exp5_hyperparameters,6.0,
,9929.931321004,0.0,1736977797.3858824,,,0.987500011920929,0.0004846784525639,,0.9007000000476837,,1.0,0.001,1,16,22x22,PrototypicalNetwork,5,5,Greek,b-59-850,False,5,4000,2,exp5_hyperparameters,7.0,
,11028.017213778,0.0,1736978895.471756,,,0.987500011920929,0.0004846784525639,,0.9019500000476836,,1.0,0.001,1,16,22x22,PrototypicalNetwork,5,5,Greek,b-59-850,False,5,4000,2,exp5_hyperparameters,8.0,
,12128.654803041,0.0,1736979996.109407,,,0.987500011920929,0.0004846784525639,,0.9046999981403352,,1.0,0.001,1,16,22x22,PrototypicalNetwork,5,5,Greek,b-59-850,False,5,4000,2,exp5_hyperparameters,9.0,
,13225.343065687,0.0,1736981092.757067,,,0.987500011920929,0.0004846784525639,,0.903599999666214,,1.0,0.001,1,16,22x22,PrototypicalNetwork,5,5,Greek,b-59-850,False,5,4000,2,exp5_hyperparameters,10.0,
,14336.638940783,1.0,1736982204.0879912,,,0.987500011920929,0.0004846784525639,,0.80325000166893,,1.0,0.001,1,16,22x22,PrototypicalNetwork,5,5,Greek,b-59-850,False,5,4000,2,exp5_hyperparameters,0.0,
,15435.498942017,1.0,1736983302.9132557,,,0.987500011920929,0.0004846784525639,,0.8949499990940094,,1.0,0.001,1,16,22x22,PrototypicalNetwork,5,5,Greek,b-59-850,False,5,4000,2,exp5_hyperparameters,1.0,
,16542.090922606,1.0,1736984409.5021214,,,0.987500011920929,0.0004846784525639,,0.8998499999046325,,1.0,0.001,1,16,22x22,PrototypicalNetwork,5,5,Greek,b-59-850,False,5,4000,2,exp5_hyperparameters,2.0,
,17634.850967426,1.0,1736985502.2660477,,,0.987500011920929,0.0004846784525639,,0.9015499980449676,,1.0,0.001,1,16,22x22,PrototypicalNetwork,5,5,Greek,b-59-850,False,5,4000,2,exp5_hyperparameters,3.0,
,18746.954935294,1.0,1736986614.3664927,,,0.987500011920929,0.0004846784525639,,0.9016000001430512,,1.0,0.001,1,16,22x22,PrototypicalNetwork,5,5,Greek,b-59-850,False,5,4000,2,exp5_hyperparameters,4.0,
,19860.938327333,1.0,1736987728.392891,,,0.987500011920929,0.0004846784525639,,0.9015999999046326,,1.0,0.001,1,16,22x22,PrototypicalNetwork,5,5,Greek,b-59-850,False,5,4000,2,exp5_hyperparameters,5.0,
,21000.72775595,1.0,1736988868.1823664,,,0.987500011920929,0.0004846784525639,,0.9013000001907348,,1.0,0.001,1,16,22x22,PrototypicalNetwork,5,5,Greek,b-59-850,False,5,4000,2,exp5_hyperparameters,6.0,
,22096.632924723,1.0,1736989964.0874825,,,0.987500011920929,0.0004846784525639,,0.901099999666214,,1.0,0.001,1,16,22x22,PrototypicalNetwork,5,5,Greek,b-59-850,False,5,4000,2,exp5_hyperparameters,7.0,
,23188.555238265,1.0,1736991056.0098474,,,0.987500011920929,0.0004846784525639,,0.8997000000476837,,1.0,0.001,1,16,22x22,PrototypicalNetwork,5,5,Greek,b-59-850,False,5,4000,2,exp5_hyperparameters,8.0,
,24326.370954195,1.0,1736992193.785826,,,0.987500011920929,0.0004846784525639,,0.898250002861023,,1.0,0.001,1,16,22x22,PrototypicalNetwork,5,5,Greek,b-59-850,False,5,4000,2,exp5_hyperparameters,9.0,
,25436.118973756,1.0,1736993303.5302954,,,0.987500011920929,0.0004846784525639,,0.9026999998092652,,1.0,0.001,1,16,22x22,PrototypicalNetwork,5,5,Greek,b-59-850,False,5,4000,2,exp5_hyperparameters,10.0,
,82.996586774,0.0,1736961039.3048365,,,0.625,0.0004846784525639,,0.38525,,1.0,0.001,1,16,22x22,MatchingNetwork,5,5,b-59-850,miniImageNet_SOTA_trainSet,False,1,4000,2,exp5_hyperparameters,0.0,
,86.472410436,0.0,1736961042.7806716,,,0.625,0.0004846784525639,,0.41425,,0.9375,0.001,1,16,22x22,MatchingNetwork,5,5,b-59-850,miniImageNet_SOTA_trainSet,False,1,4000,2,exp5_hyperparameters,1.0,
,89.846518279,0.0,1736961046.154776,,,0.625,0.0004846784525639,,0.41225,,1.0,0.001,1,16,22x22,MatchingNetwork,5,5,b-59-850,miniImageNet_SOTA_trainSet,False,1,4000,2,exp5_hyperparameters,2.0,
,93.345572956,0.0,1736961049.6538315,,,0.625,0.0004846784525639,,0.4365,,1.0,0.001,1,16,22x22,MatchingNetwork,5,5,b-59-850,miniImageNet_SOTA_trainSet,False,1,4000,2,exp5_hyperparameters,3.0,
,96.804868749,0.0,1736961053.113126,,,0.625,0.0004846784525639,,0.418,,1.0,0.001,1,16,22x22,MatchingNetwork,5,5,b-59-850,miniImageNet_SOTA_trainSet,False,1,4000,2,exp5_hyperparameters,4.0,
,100.251254196,0.0,1736961056.5595136,,,0.625,0.0004846784525639,,0.43125,,1.0,0.001,1,16,22x22,MatchingNetwork,5,5,b-59-850,miniImageNet_SOTA_trainSet,False,1,4000,2,exp5_hyperparameters,5.0,
,103.659080783,0.0,1736961059.9673426,,,0.625,0.0004846784525639,,0.415,,0.75,0.001,1,16,22x22,MatchingNetwork,5,5,b-59-850,miniImageNet_SOTA_trainSet,False,1,4000,2,exp5_hyperparameters,6.0,
,107.12291028,0.0,1736961063.4311707,,,0.625,0.0004846784525639,,0.41875,,1.0,0.001,1,16,22x22,MatchingNetwork,5,5,b-59-850,miniImageNet_SOTA_trainSet,False,1,4000,2,exp5_hyperparameters,7.0,
,110.549860174,0.0,1736961066.8581357,,,0.625,0.0004846784525639,,0.4215,,1.0,0.001,1,16,22x22,MatchingNetwork,5,5,b-59-850,miniImageNet_SOTA_trainSet,False,1,4000,2,exp5_hyperparameters,8.0,
,113.954644623,0.0,1736961070.262882,,,0.625,0.0004846784525639,,0.43925,,1.0,0.001,1,16,22x22,MatchingNetwork,5,5,b-59-850,miniImageNet_SOTA_trainSet,False,1,4000,2,exp5_hyperparameters,9.0,
,117.434293182,0.0,1736961073.742545,,,0.625,0.0004846784525639,,0.4295,,1.0,0.001,1,16,22x22,MatchingNetwork,5,5,b-59-850,miniImageNet_SOTA_trainSet,False,1,4000,2,exp5_hyperparameters,10.0,
,120.432867934,1.0,1736961076.7411144,,,0.625,0.0004846784525639,,0.379,,1.0,0.001,1,16,22x22,MatchingNetwork,5,5,b-59-850,miniImageNet_SOTA_trainSet,False,1,4000,2,exp5_hyperparameters,0.0,
,123.830956994,1.0,1736961080.1391723,,,0.625,0.0004846784525639,,0.42925,,0.8125,0.001,1,16,22x22,MatchingNetwork,5,5,b-59-850,miniImageNet_SOTA_trainSet,False,1,4000,2,exp5_hyperparameters,1.0,
,127.274790226,1.0,1736961083.5830324,,,0.625,0.0004846784525639,,0.41925,,1.0,0.001,1,16,22x22,MatchingNetwork,5,5,b-59-850,miniImageNet_SOTA_trainSet,False,1,4000,2,exp5_hyperparameters,2.0,
,130.677045039,1.0,1736961086.985315,,,0.625,0.0004846784525639,,0.41425,,1.0,0.001,1,16,22x22,MatchingNetwork,5,5,b-59-850,miniImageNet_SOTA_trainSet,False,1,4000,2,exp5_hyperparameters,3.0,
,134.056243092,1.0,1736961090.364506,,,0.625,0.0004846784525639,,0.43175,,1.0,0.001,1,16,22x22,MatchingNetwork,5,5,b-59-850,miniImageNet_SOTA_trainSet,False,1,4000,2,exp5_hyperparameters,4.0,
,137.503614169,1.0,1736961093.8118682,,,0.625,0.0004846784525639,,0.41,,1.0,0.001,1,16,22x22,MatchingNetwork,5,5,b-59-850,miniImageNet_SOTA_trainSet,False,1,4000,2,exp5_hyperparameters,5.0,
,140.928829171,1.0,1736961097.237099,,,0.625,0.0004846784525639,,0.427,,1.0,0.001,1,16,22x22,MatchingNetwork,5,5,b-59-850,miniImageNet_SOTA_trainSet,False,1,4000,2,exp5_hyperparameters,6.0,
,144.351808136,1.0,1736961100.659984,,,0.625,0.0004846784525639,,0.431,,1.0,0.001,1,16,22x22,MatchingNetwork,5,5,b-59-850,miniImageNet_SOTA_trainSet,False,1,4000,2,exp5_hyperparameters,7.0,
,147.76536829,1.0,1736961104.0736246,,,0.625,0.0004846784525639,,0.39925,,1.0,0.001,1,16,22x22,MatchingNetwork,5,5,b-59-850,miniImageNet_SOTA_trainSet,False,1,4000,2,exp5_hyperparameters,8.0,
,151.172389631,1.0,1736961107.4806485,,,0.625,0.0004846784525639,,0.43925,,1.0,0.001,1,16,22x22,MatchingNetwork,5,5,b-59-850,miniImageNet_SOTA_trainSet,False,1,4000,2,exp5_hyperparameters,9.0,
,154.592962331,1.0,1736961110.9012132,,,0.625,0.0004846784525639,,0.415,,1.0,0.001,1,16,22x22,MatchingNetwork,5,5,b-59-850,miniImageNet_SOTA_trainSet,False,1,4000,2,exp5_hyperparameters,10.0,
,55.103551764,0.0,1736871810.0024228,,,0.5625,0.0004846784525639,,0.48525,,1.0,0.001,1,16,22x22,MatchingNetwork,5,5,Greek,b-59-850,False,1,4000,2,exp5_hyperparameters,0.0,
,64.637609283,0.0,1736871819.536473,,,0.5625,0.0004846784525639,,0.53675,,1.0,0.001,1,16,22x22,MatchingNetwork,5,5,Greek,b-59-850,False,1,4000,2,exp5_hyperparameters,1.0,
,74.250274844,0.0,1736871829.1491487,,,0.5625,0.0004846784525639,,0.53675,,1.0,0.001,1,16,22x22,MatchingNetwork,5,5,Greek,b-59-850,False,1,4000,2,exp5_hyperparameters,2.0,
,83.834776817,0.0,1736871838.7336578,,,0.5625,0.0004846784525639,,0.53875,,1.0,0.001,1,16,22x22,MatchingNetwork,5,5,Greek,b-59-850,False,1,4000,2,exp5_hyperparameters,3.0,
,93.365093631,0.0,1736871848.263963,,,0.5625,0.0004846784525639,,0.5255,,1.0,0.001,1,16,22x22,MatchingNetwork,5,5,Greek,b-59-850,False,1,4000,2,exp5_hyperparameters,4.0,
,102.949867263,0.0,1736871857.848732,,,0.5625,0.0004846784525639,,0.533,,1.0,0.001,1,16,22x22,MatchingNetwork,5,5,Greek,b-59-850,False,1,4000,2,exp5_hyperparameters,5.0,
,112.542377352,0.0,1736871867.4412513,,,0.5625,0.0004846784525639,,0.5255,,1.0,0.001,1,16,22x22,MatchingNetwork,5,5,Greek,b-59-850,False,1,4000,2,exp5_hyperparameters,6.0,
,122.108865772,0.0,1736871877.0077407,,,0.5625,0.0004846784525639,,0.5345,,1.0,0.001,1,16,22x22,MatchingNetwork,5,5,Greek,b-59-850,False,1,4000,2,exp5_hyperparameters,7.0,
,131.6824883,0.0,1736871886.581349,,,0.5625,0.0004846784525639,,0.5185,,1.0,0.001,1,16,22x22,MatchingNetwork,5,5,Greek,b-59-850,False,1,4000,2,exp5_hyperparameters,8.0,
,141.316928831,0.0,1736871896.2158031,,,0.5625,0.0004846784525639,,0.53825,,1.0,0.001,1,16,22x22,MatchingNetwork,5,5,Greek,b-59-850,False,1,4000,2,exp5_hyperparameters,9.0,
,150.868216056,0.0,1736871905.7670996,,,0.5625,0.0004846784525639,,0.52975,,1.0,0.001,1,16,22x22,MatchingNetwork,5,5,Greek,b-59-850,False,1,4000,2,exp5_hyperparameters,10.0,
,159.936797539,1.0,1736871914.8356614,,,0.5625,0.0004846784525639,,0.50375,,1.0,0.001,1,16,22x22,MatchingNetwork,5,5,Greek,b-59-850,False,1,4000,2,exp5_hyperparameters,0.0,
,169.533588738,1.0,1736871924.432462,,,0.5625,0.0004846784525639,,0.53025,,1.0,0.001,1,16,22x22,MatchingNetwork,5,5,Greek,b-59-850,False,1,4000,2,exp5_hyperparameters,1.0,
,179.137515461,1.0,1736871934.036322,,,0.5625,0.0004846784525639,,0.53725,,1.0,0.001,1,16,22x22,MatchingNetwork,5,5,Greek,b-59-850,False,1,4000,2,exp5_hyperparameters,2.0,
,188.807635201,1.0,1736871943.7065072,,,0.5625,0.0004846784525639,,0.52075,,0.8125,0.001,1,16,22x22,MatchingNetwork,5,5,Greek,b-59-850,False,1,4000,2,exp5_hyperparameters,3.0,
,198.355459845,1.0,1736871953.2541978,,,0.5625,0.0004846784525639,,0.517,,1.0,0.001,1,16,22x22,MatchingNetwork,5,5,Greek,b-59-850,False,1,4000,2,exp5_hyperparameters,4.0,
,208.004558081,1.0,1736871962.9034324,,,0.5625,0.0004846784525639,,0.5405,,1.0,0.001,1,16,22x22,MatchingNetwork,5,5,Greek,b-59-850,False,1,4000,2,exp5_hyperparameters,5.0,
,217.67044563,1.0,1736871972.5693195,,,0.5625,0.0004846784525639,,0.538,,1.0,0.001,1,16,22x22,MatchingNetwork,5,5,Greek,b-59-850,False,1,4000,2,exp5_hyperparameters,6.0,
,227.325327434,1.0,1736871982.224199,,,0.5625,0.0004846784525639,,0.527,,1.0,0.001,1,16,22x22,MatchingNetwork,5,5,Greek,b-59-850,False,1,4000,2,exp5_hyperparameters,7.0,
,236.900247651,1.0,1736871991.799121,,,0.5625,0.0004846784525639,,0.528,,1.0,0.001,1,16,22x22,MatchingNetwork,5,5,Greek,b-59-850,False,1,4000,2,exp5_hyperparameters,8.0,
,246.546159563,1.0,1736872001.445031,,,0.5625,0.0004846784525639,,0.51625,,1.0,0.001,1,16,22x22,MatchingNetwork,5,5,Greek,b-59-850,False,1,4000,2,exp5_hyperparameters,9.0,
,256.172768977,1.0,1736872011.0716424,,,0.5625,0.0004846784525639,,0.5305,,0.8125,0.001,1,16,22x22,MatchingNetwork,5,5,Greek,b-59-850,False,1,4000,2,exp5_hyperparameters,10.0,
,13.711133055,0.0,1736884617.276204,,,,,,0.4875,,0.9375,0.001,1,16,22x22,MatchingNetwork,5,5,Greek,TKH,False,1,4000,2,exp5_hyperparameters,0.0,
,23.692126771,0.0,1736884627.257206,,,,,,0.534,,1.0,0.001,1,16,22x22,MatchingNetwork,5,5,Greek,TKH,False,1,4000,2,exp5_hyperparameters,1.0,
,33.280529825,0.0,1736884636.845616,,,,,,0.53225,,1.0,0.001,1,16,22x22,MatchingNetwork,5,5,Greek,TKH,False,1,4000,2,exp5_hyperparameters,2.0,
,42.930882006,0.0,1736884646.4959524,,,,,,0.536,,1.0,0.001,1,16,22x22,MatchingNetwork,5,5,Greek,TKH,False,1,4000,2,exp5_hyperparameters,3.0,
,52.492083536,0.0,1736884656.057069,,,,,,0.5325,,0.875,0.001,1,16,22x22,MatchingNetwork,5,5,Greek,TKH,False,1,4000,2,exp5_hyperparameters,4.0,
,62.029870656,0.0,1736884665.5949438,,,,,,0.534,,1.0,0.001,1,16,22x22,MatchingNetwork,5,5,Greek,TKH,False,1,4000,2,exp5_hyperparameters,5.0,
,71.697129696,0.0,1736884675.2622082,,,,,,0.533,,1.0,0.001,1,16,22x22,MatchingNetwork,5,5,Greek,TKH,False,1,4000,2,exp5_hyperparameters,6.0,
,81.342995084,0.0,1736884684.9080648,,,,,,0.5385,,1.0,0.001,1,16,22x22,MatchingNetwork,5,5,Greek,TKH,False,1,4000,2,exp5_hyperparameters,7.0,
,91.016782304,0.0,1736884694.5818682,,,,,,0.5535,,1.0,0.001,1,16,22x22,MatchingNetwork,5,5,Greek,TKH,False,1,4000,2,exp5_hyperparameters,8.0,
,100.672503002,0.0,1736884704.1906352,,,,,,0.53625,,1.0,0.001,1,16,22x22,MatchingNetwork,5,5,Greek,TKH,False,1,4000,2,exp5_hyperparameters,9.0,
,110.124821896,0.0,1736884713.689895,,,,,,0.54975,,1.0,0.001,1,16,22x22,MatchingNetwork,5,5,Greek,TKH,False,1,4000,2,exp5_hyperparameters,10.0,
,119.15836347,1.0,1736884722.7234485,,,,,,0.499,,1.0,0.001,1,16,22x22,MatchingNetwork,5,5,Greek,TKH,False,1,4000,2,exp5_hyperparameters,0.0,
,128.640548906,1.0,1736884732.2056222,,,,,,0.547,,1.0,0.001,1,16,22x22,MatchingNetwork,5,5,Greek,TKH,False,1,4000,2,exp5_hyperparameters,1.0,
,138.301892361,1.0,1736884741.8669686,,,,,,0.533,,0.9375,0.001,1,16,22x22,MatchingNetwork,5,5,Greek,TKH,False,1,4000,2,exp5_hyperparameters,2.0,
,147.878690733,1.0,1736884751.4437785,,,,,,0.53875,,1.0,0.001,1,16,22x22,MatchingNetwork,5,5,Greek,TKH,False,1,4000,2,exp5_hyperparameters,3.0,
,157.471033364,1.0,1736884761.0361104,,,,,,0.54325,,1.0,0.001,1,16,22x22,MatchingNetwork,5,5,Greek,TKH,False,1,4000,2,exp5_hyperparameters,4.0,
,167.155200075,1.0,1736884770.7202857,,,,,,0.5265,,1.0,0.001,1,16,22x22,MatchingNetwork,5,5,Greek,TKH,False,1,4000,2,exp5_hyperparameters,5.0,
,176.835373935,1.0,1736884780.40045,,,,,,0.53725,,1.0,0.001,1,16,22x22,MatchingNetwork,5,5,Greek,TKH,False,1,4000,2,exp5_hyperparameters,6.0,
,186.557501976,1.0,1736884790.1225777,,,,,,0.5365,,1.0,0.001,1,16,22x22,MatchingNetwork,5,5,Greek,TKH,False,1,4000,2,exp5_hyperparameters,7.0,
,196.491287593,1.0,1736884800.0563116,,,,,,0.548,,1.0,0.001,1,16,22x22,MatchingNetwork,5,5,Greek,TKH,False,1,4000,2,exp5_hyperparameters,8.0,
,206.365038665,1.0,1736884809.9301147,,,,,,0.54175,,1.0,0.001,1,16,22x22,MatchingNetwork,5,5,Greek,TKH,False,1,4000,2,exp5_hyperparameters,9.0,
,215.910857426,1.0,1736884819.475945,,,,,,0.534,,1.0,0.001,1,16,22x22,MatchingNetwork,5,5,Greek,TKH,False,1,4000,2,exp5_hyperparameters,10.0,
,36.570949313,0.0,1736876931.6535697,,,,,,0.5692000005245209,,1.0,0.001,1,16,22x22,PrototypicalNetwork,5,5,Egyptian,Greek,False,1,4000,2,exp5_hyperparameters,0.0,
,73.60447274,0.0,1736876968.687094,,,,,,0.554849999666214,,1.0,0.001,1,16,22x22,PrototypicalNetwork,5,5,Egyptian,Greek,False,1,4000,2,exp5_hyperparameters,1.0,
,110.707000076,0.0,1736877005.7469249,,,,,,0.5471999992132187,,1.0,0.001,1,16,22x22,PrototypicalNetwork,5,5,Egyptian,Greek,False,1,4000,2,exp5_hyperparameters,2.0,
,147.822073132,0.0,1736877042.904642,,,,,,0.5549499982595444,,1.0,0.001,1,16,22x22,PrototypicalNetwork,5,5,Egyptian,Greek,False,1,4000,2,exp5_hyperparameters,3.0,
,184.608775759,0.0,1736877079.6913917,,,,,,0.556799998998642,,1.0,0.001,1,16,22x22,PrototypicalNetwork,5,5,Egyptian,Greek,False,1,4000,2,exp5_hyperparameters,4.0,
,221.800037033,0.0,1736877116.8826609,,,,,,0.5517500003576279,,1.0,0.001,1,16,22x22,PrototypicalNetwork,5,5,Egyptian,Greek,False,1,4000,2,exp5_hyperparameters,5.0,
,258.478424683,0.0,1736877153.561036,,,,,,0.543799998998642,,1.0,0.001,1,16,22x22,PrototypicalNetwork,5,5,Egyptian,Greek,False,1,4000,2,exp5_hyperparameters,6.0,
,295.72019555,0.0,1736877190.8028233,,,,,,0.5548999977111816,,1.0,0.001,1,16,22x22,PrototypicalNetwork,5,5,Egyptian,Greek,False,1,4000,2,exp5_hyperparameters,7.0,
,332.408468091,0.0,1736877227.4910846,,,,,,0.5449500000476837,,1.0,0.001,1,16,22x22,PrototypicalNetwork,5,5,Egyptian,Greek,False,1,4000,2,exp5_hyperparameters,8.0,
,369.144029957,0.0,1736877264.2266564,,,,,,0.5531500008106232,,1.0,0.001,1,16,22x22,PrototypicalNetwork,5,5,Egyptian,Greek,False,1,4000,2,exp5_hyperparameters,9.0,
,405.89208402,0.0,1736877300.9746618,,,,,,0.5537999987602233,,1.0,0.001,1,16,22x22,PrototypicalNetwork,5,5,Egyptian,Greek,False,1,4000,2,exp5_hyperparameters,10.0,
,441.968517794,1.0,1736877337.051036,,,,,,0.574350001335144,,1.0,0.001,1,16,22x22,PrototypicalNetwork,5,5,Egyptian,Greek,False,1,4000,2,exp5_hyperparameters,0.0,
,478.952671546,1.0,1736877374.035261,,,,,,0.5557000005245208,,1.0,0.001,1,16,22x22,PrototypicalNetwork,5,5,Egyptian,Greek,False,1,4000,2,exp5_hyperparameters,1.0,
,516.064460194,1.0,1736877411.147085,,,,,,0.5563500008583069,,1.0,0.001,1,16,22x22,PrototypicalNetwork,5,5,Egyptian,Greek,False,1,4000,2,exp5_hyperparameters,2.0,
,552.735088126,1.0,1736877447.81771,,,,,,0.5507499980926513,,1.0,0.001,1,16,22x22,PrototypicalNetwork,5,5,Egyptian,Greek,False,1,4000,2,exp5_hyperparameters,3.0,
,590.081098088,1.0,1736877485.1637087,,,,,,0.5587999995946884,,1.0,0.001,1,16,22x22,PrototypicalNetwork,5,5,Egyptian,Greek,False,1,4000,2,exp5_hyperparameters,4.0,
,627.098276234,1.0,1736877522.18089,,,,,,0.553299999833107,,1.0,0.001,1,16,22x22,PrototypicalNetwork,5,5,Egyptian,Greek,False,1,4000,2,exp5_hyperparameters,5.0,
,664.440264888,1.0,1736877559.5228696,,,,,,0.5641999999284745,,1.0,0.001,1,16,22x22,PrototypicalNetwork,5,5,Egyptian,Greek,False,1,4000,2,exp5_hyperparameters,6.0,
,701.686956835,1.0,1736877596.7276497,,,,,,0.5542999995946885,,1.0,0.001,1,16,22x22,PrototypicalNetwork,5,5,Egyptian,Greek,False,1,4000,2,exp5_hyperparameters,7.0,
,738.720368698,1.0,1736877633.802996,,,,,,0.5566999984979629,,1.0,0.001,1,16,22x22,PrototypicalNetwork,5,5,Egyptian,Greek,False,1,4000,2,exp5_hyperparameters,8.0,
,775.987560326,1.0,1736877671.0701644,,,,,,0.5579999986886978,,1.0,0.001,1,16,22x22,PrototypicalNetwork,5,5,Egyptian,Greek,False,1,4000,2,exp5_hyperparameters,9.0,
,813.108237196,1.0,1736877708.1908312,,,,,,0.5551499981880188,,1.0,0.001,1,16,22x22,PrototypicalNetwork,5,5,Egyptian,Greek,False,1,4000,2,exp5_hyperparameters,10.0,
,237.189142131,0.0,1736872250.8781886,,,,,,0.6438500015735626,,1.0,0.001,1,16,22x22,PrototypicalNetwork,5,5,TKH,Egyptian,False,1,4000,2,exp5_hyperparameters,0.0,
,438.097749215,0.0,1736872451.786822,,,,,,0.6210999988317489,,1.0,0.001,1,16,22x22,PrototypicalNetwork,5,5,TKH,Egyptian,False,1,4000,2,exp5_hyperparameters,1.0,
,640.39151968,0.0,1736872654.0805886,,,,,,0.6252000013589859,,1.0,0.001,1,16,22x22,PrototypicalNetwork,5,5,TKH,Egyptian,False,1,4000,2,exp5_hyperparameters,2.0,
,841.537792265,0.0,1736872855.2268596,,,,,,0.6270999989509582,,1.0,0.001,1,16,22x22,PrototypicalNetwork,5,5,TKH,Egyptian,False,1,4000,2,exp5_hyperparameters,3.0,
,1047.353201524,0.0,1736873061.0422778,,,,,,0.6209000005722046,,1.0,0.001,1,16,22x22,PrototypicalNetwork,5,5,TKH,Egyptian,False,1,4000,2,exp5_hyperparameters,4.0,
,1251.012486025,0.0,1736873264.6600437,,,,,,0.6254000003337861,,1.0,0.001,1,16,22x22,PrototypicalNetwork,5,5,TKH,Egyptian,False,1,4000,2,exp5_hyperparameters,5.0,
,1457.357468443,0.0,1736873471.0465026,,,,,,0.6166499996185303,,1.0,0.001,1,16,22x22,PrototypicalNetwork,5,5,TKH,Egyptian,False,1,4000,2,exp5_hyperparameters,6.0,
,1656.408673009,0.0,1736873670.097667,,,,,,0.6187499980926514,,1.0,0.001,1,16,22x22,PrototypicalNetwork,5,5,TKH,Egyptian,False,1,4000,2,exp5_hyperparameters,7.0,
,1853.092500213,0.0,1736873866.735156,,,,,,0.6197500005960465,,1.0,0.001,1,16,22x22,PrototypicalNetwork,5,5,TKH,Egyptian,False,1,4000,2,exp5_hyperparameters,8.0,
,2052.496498434,0.0,1736874066.1421664,,,,,,0.6169999998807907,,1.0,0.001,1,16,22x22,PrototypicalNetwork,5,5,TKH,Egyptian,False,1,4000,2,exp5_hyperparameters,9.0,
,2254.356897112,0.0,1736874268.0459485,,,,,,0.6226499973535538,,1.0,0.001,1,16,22x22,PrototypicalNetwork,5,5,TKH,Egyptian,False,1,4000,2,exp5_hyperparameters,10.0,
,2457.819503176,1.0,1736874471.5085747,,,,,,0.6385000001192093,,1.0,0.001,1,16,22x22,PrototypicalNetwork,5,5,TKH,Egyptian,False,1,4000,2,exp5_hyperparameters,0.0,
,2660.636502043,1.0,1736874674.2836576,,,,,,0.6202000006437302,,1.0,0.001,1,16,22x22,PrototypicalNetwork,5,5,TKH,Egyptian,False,1,4000,2,exp5_hyperparameters,1.0,
,2859.972641209,1.0,1736874873.6617236,,,,,,0.6175500007867814,,1.0,0.001,1,16,22x22,PrototypicalNetwork,5,5,TKH,Egyptian,False,1,4000,2,exp5_hyperparameters,2.0,
,3063.252526995,1.0,1736875076.898852,,,,,,0.6132500011920929,,1.0,0.001,1,16,22x22,PrototypicalNetwork,5,5,TKH,Egyptian,False,1,4000,2,exp5_hyperparameters,3.0,
,3261.732512285,1.0,1736875275.3776248,,,,,,0.6170499995946884,,1.0,0.001,1,16,22x22,PrototypicalNetwork,5,5,TKH,Egyptian,False,1,4000,2,exp5_hyperparameters,4.0,
,3462.484481017,1.0,1736875476.127783,,,,,,0.6126000000238419,,1.0,0.001,1,16,22x22,PrototypicalNetwork,5,5,TKH,Egyptian,False,1,4000,2,exp5_hyperparameters,5.0,
,3665.532525324,1.0,1736875679.1772733,,,,,,0.6167499988079072,,1.0,0.001,1,16,22x22,PrototypicalNetwork,5,5,TKH,Egyptian,False,1,4000,2,exp5_hyperparameters,6.0,
,3870.944523046,1.0,1736875884.593104,,,,,,0.6227000020742416,,1.0,0.001,1,16,22x22,PrototypicalNetwork,5,5,TKH,Egyptian,False,1,4000,2,exp5_hyperparameters,7.0,
,4079.87392093,1.0,1736876093.5627942,,,,,,0.6177499994039536,,1.0,0.001,1,16,22x22,PrototypicalNetwork,5,5,TKH,Egyptian,False,1,4000,2,exp5_hyperparameters,8.0,
,4286.116493791,1.0,1736876299.7627032,,,,,,0.6177999999523163,,1.0,0.001,1,16,22x22,PrototypicalNetwork,5,5,TKH,Egyptian,False,1,4000,2,exp5_hyperparameters,9.0,
,4489.415756857,1.0,1736876503.10483,,,,,,0.621349999666214,,1.0,0.001,1,16,22x22,PrototypicalNetwork,5,5,TKH,Egyptian,False,1,4000,2,exp5_hyperparameters,10.0,
,51.271432473,0.0,1736876557.0776026,,,,,,0.3875,,0.6875,0.001,1,16,22x22,MatchingNetwork,5,5,TKH,Egyptian,False,1,4000,2,exp5_hyperparameters,0.0,
,67.273139625,0.0,1736876573.0793242,,,,,,0.44575,,1.0,0.001,1,16,22x22,MatchingNetwork,5,5,TKH,Egyptian,False,1,4000,2,exp5_hyperparameters,1.0,
,83.367917553,0.0,1736876589.1741033,,,,,,0.43825,,1.0,0.001,1,16,22x22,MatchingNetwork,5,5,TKH,Egyptian,False,1,4000,2,exp5_hyperparameters,2.0,
,99.417401147,0.0,1736876605.2235858,,,,,,0.44,,1.0,0.001,1,16,22x22,MatchingNetwork,5,5,TKH,Egyptian,False,1,4000,2,exp5_hyperparameters,3.0,
,115.517069301,0.0,1736876621.323176,,,,,,0.44725,,1.0,0.001,1,16,22x22,MatchingNetwork,5,5,TKH,Egyptian,False,1,4000,2,exp5_hyperparameters,4.0,
,131.619119057,0.0,1736876637.4253037,,,,,,0.42825,,0.75,0.001,1,16,22x22,MatchingNetwork,5,5,TKH,Egyptian,False,1,4000,2,exp5_hyperparameters,5.0,
,147.717580662,0.0,1736876653.523762,,,,,,0.42375,,1.0,0.001,1,16,22x22,MatchingNetwork,5,5,TKH,Egyptian,False,1,4000,2,exp5_hyperparameters,6.0,
,163.790979204,0.0,1736876669.5971637,,,,,,0.45,,1.0,0.001,1,16,22x22,MatchingNetwork,5,5,TKH,Egyptian,False,1,4000,2,exp5_hyperparameters,7.0,
,179.750874441,0.0,1736876685.557054,,,,,,0.4445,,1.0,0.001,1,16,22x22,MatchingNetwork,5,5,TKH,Egyptian,False,1,4000,2,exp5_hyperparameters,8.0,
,195.673476185,0.0,1736876701.479676,,,,,,0.46275,,1.0,0.001,1,16,22x22,MatchingNetwork,5,5,TKH,Egyptian,False,1,4000,2,exp5_hyperparameters,9.0,
,211.666021088,0.0,1736876717.4722047,,,,,,0.43175,,1.0,0.001,1,16,22x22,MatchingNetwork,5,5,TKH,Egyptian,False,1,4000,2,exp5_hyperparameters,10.0,
,227.196004219,1.0,1736876733.0021827,,,,,,0.37325,,1.0,0.001,1,16,22x22,MatchingNetwork,5,5,TKH,Egyptian,False,1,4000,2,exp5_hyperparameters,0.0,
,243.251679657,1.0,1736876749.0578537,,,,,,0.43925,,1.0,0.001,1,16,22x22,MatchingNetwork,5,5,TKH,Egyptian,False,1,4000,2,exp5_hyperparameters,1.0,
,259.252273167,1.0,1736876765.0584552,,,,,,0.448,,1.0,0.001,1,16,22x22,MatchingNetwork,5,5,TKH,Egyptian,False,1,4000,2,exp5_hyperparameters,2.0,
,275.274934376,1.0,1736876781.081116,,,,,,0.428,,0.875,0.001,1,16,22x22,MatchingNetwork,5,5,TKH,Egyptian,False,1,4000,2,exp5_hyperparameters,3.0,
,291.192812493,1.0,1736876796.9989772,,,,,,0.45725,,1.0,0.001,1,16,22x22,MatchingNetwork,5,5,TKH,Egyptian,False,1,4000,2,exp5_hyperparameters,4.0,
,307.196105234,1.0,1736876813.0022886,,,,,,0.451,,1.0,0.001,1,16,22x22,MatchingNetwork,5,5,TKH,Egyptian,False,1,4000,2,exp5_hyperparameters,5.0,
,339.233398135,1.0,1736876845.0395722,,,,,,0.457,,1.0,0.001,1,16,22x22,MatchingNetwork,5,5,TKH,Egyptian,False,1,4000,2,exp5_hyperparameters,6.0,
,355.063746463,1.0,1736876860.8699317,,,,,,0.448,,1.0,0.001,1,16,22x22,MatchingNetwork,5,5,TKH,Egyptian,False,1,4000,2,exp5_hyperparameters,7.0,
,299.954502924,0.0,1736961413.8336694,,,,,,0.6034000000953674,,1.0,0.001,1,16,22x22,PrototypicalNetwork,5,5,Greek,omniglot_SOTA_trainvalSet,False,1,4000,2,exp5_hyperparameters,0.0,
,605.712606257,0.0,1736961719.5917678,,,,,,0.6141000009775162,,1.0,0.001,1,16,22x22,PrototypicalNetwork,5,5,Greek,omniglot_SOTA_trainvalSet,False,1,4000,2,exp5_hyperparameters,1.0,
,902.210394926,0.0,1736962016.0491984,,,,,,0.6141999995708466,,1.0,0.001,1,16,22x22,PrototypicalNetwork,5,5,Greek,omniglot_SOTA_trainvalSet,False,1,4000,2,exp5_hyperparameters,2.0,
,1203.41836101,0.0,1736962317.2545774,,,,,,0.6105500016212463,,1.0,0.001,1,16,22x22,PrototypicalNetwork,5,5,Greek,omniglot_SOTA_trainvalSet,False,1,4000,2,exp5_hyperparameters,3.0,
,1500.517493429,0.0,1736962614.396655,,,,,,0.6037500004768371,,1.0,0.001,1,16,22x22,PrototypicalNetwork,5,5,Greek,omniglot_SOTA_trainvalSet,False,1,4000,2,exp5_hyperparameters,4.0,
,1793.746364781,0.0,1736962907.5831788,,,,,,0.6117499990463257,,1.0,0.001,1,16,22x22,PrototypicalNetwork,5,5,Greek,omniglot_SOTA_trainvalSet,False,1,4000,2,exp5_hyperparameters,5.0,
,2090.489751731,0.0,1736963204.3688688,,,,,,0.6059500002861022,,1.0,0.001,1,16,22x22,PrototypicalNetwork,5,5,Greek,omniglot_SOTA_trainvalSet,False,1,4000,2,exp5_hyperparameters,6.0,
,2383.446401786,0.0,1736963497.2834334,,,,,,0.6060000002384186,,1.0,0.001,1,16,22x22,PrototypicalNetwork,5,5,Greek,omniglot_SOTA_trainvalSet,False,1,4000,2,exp5_hyperparameters,7.0,
,2681.378408518,0.0,1736963795.217605,,,,,,0.5982500002384186,,1.0,0.001,1,16,22x22,PrototypicalNetwork,5,5,Greek,omniglot_SOTA_trainvalSet,False,1,4000,2,exp5_hyperparameters,8.0,
,2978.876029908,0.0,1736964092.7551577,,,,,,0.6069999997615814,,1.0,0.001,1,16,22x22,PrototypicalNetwork,5,5,Greek,omniglot_SOTA_trainvalSet,False,1,4000,2,exp5_hyperparameters,9.0,
,3270.626709562,0.0,1736964384.5058694,,,,,,0.5938499990701676,,1.0,0.001,1,16,22x22,PrototypicalNetwork,5,5,Greek,omniglot_SOTA_trainvalSet,False,1,4000,2,exp5_hyperparameters,10.0,
,3561.52637973,1.0,1736964675.3625653,,,,,,0.6022499964237213,,1.0,0.001,1,16,22x22,PrototypicalNetwork,5,5,Greek,omniglot_SOTA_trainvalSet,False,1,4000,2,exp5_hyperparameters,0.0,
,3874.434403581,1.0,1736964988.271626,,,,,,0.6059499987363816,,1.0,0.001,1,16,22x22,PrototypicalNetwork,5,5,Greek,omniglot_SOTA_trainvalSet,False,1,4000,2,exp5_hyperparameters,1.0,
,4167.940433214,1.0,1736965281.819564,,,,,,0.6053499999046326,,1.0,0.001,1,16,22x22,PrototypicalNetwork,5,5,Greek,omniglot_SOTA_trainvalSet,False,1,4000,2,exp5_hyperparameters,2.0,
,4462.68241851,1.0,1736965576.5199068,,,,,,0.6068499995470047,,1.0,0.001,1,16,22x22,PrototypicalNetwork,5,5,Greek,omniglot_SOTA_trainvalSet,False,1,4000,2,exp5_hyperparameters,3.0,
,4756.751623327,1.0,1736965870.6307108,,,,,,0.598949999332428,,1.0,0.001,1,16,22x22,PrototypicalNetwork,5,5,Greek,omniglot_SOTA_trainvalSet,False,1,4000,2,exp5_hyperparameters,4.0,
,5053.61839683,1.0,1736966167.454394,,,,,,0.599799998998642,,1.0,0.001,1,16,22x22,PrototypicalNetwork,5,5,Greek,omniglot_SOTA_trainvalSet,False,1,4000,2,exp5_hyperparameters,5.0,
,5348.704984573,1.0,1736966462.584079,,,,,,0.6037500013113022,,1.0,0.001,1,16,22x22,PrototypicalNetwork,5,5,Greek,omniglot_SOTA_trainvalSet,False,1,4000,2,exp5_hyperparameters,6.0,
,5637.13038012,1.0,1736966750.967589,,,,,,0.6030500001907348,,1.0,0.001,1,16,22x22,PrototypicalNetwork,5,5,Greek,omniglot_SOTA_trainvalSet,False,1,4000,2,exp5_hyperparameters,7.0,
,5936.378369361,1.0,1736967050.21721,,,,,,0.6016499997377396,,1.0,0.001,1,16,22x22,PrototypicalNetwork,5,5,Greek,omniglot_SOTA_trainvalSet,False,1,4000,2,exp5_hyperparameters,8.0,
,6235.742375524,1.0,1736967349.580533,,,,,,0.6061000001430511,,1.0,0.001,1,16,22x22,PrototypicalNetwork,5,5,Greek,omniglot_SOTA_trainvalSet,False,1,4000,2,exp5_hyperparameters,9.0,
,6533.598389894,1.0,1736967647.4330876,,,,,,0.607050000667572,,1.0,0.001,1,16,22x22,PrototypicalNetwork,5,5,Greek,omniglot_SOTA_trainvalSet,False,1,4000,2,exp5_hyperparameters,10.0,
,313.898931567,0.0,1736958466.618794,,,0.9375,0.0004846784525639,,0.5497499992847442,,1.0,0.001,1,16,22x22,PrototypicalNetwork,5,5,b-59-850,miniImageNet_SOTA_trainSet,False,1,4000,2,exp5_hyperparameters,0.0,
,430.081552656,0.0,1736958582.8441603,,,0.9375,0.0004846784525639,,0.5510499999523163,,1.0,0.001,1,16,22x22,PrototypicalNetwork,5,5,b-59-850,miniImageNet_SOTA_trainSet,False,1,4000,2,exp5_hyperparameters,1.0,
,546.310721564,0.0,1736958699.0733154,,,0.9375,0.0004846784525639,,0.5442499984502792,,1.0,0.001,1,16,22x22,PrototypicalNetwork,5,5,b-59-850,miniImageNet_SOTA_trainSet,False,1,4000,2,exp5_hyperparameters,2.0,
,663.358917755,0.0,1736958816.080612,,,0.9375,0.0004846784525639,,0.5352000011205673,,1.0,0.001,1,16,22x22,PrototypicalNetwork,5,5,b-59-850,miniImageNet_SOTA_trainSet,False,1,4000,2,exp5_hyperparameters,3.0,
,779.986852693,0.0,1736958932.74946,,,0.9375,0.0004846784525639,,0.5430999995470047,,1.0,0.001,1,16,22x22,PrototypicalNetwork,5,5,b-59-850,miniImageNet_SOTA_trainSet,False,1,4000,2,exp5_hyperparameters,4.0,
,896.692877377,0.0,1736959049.45543,,,0.9375,0.0004846784525639,,0.5436499992609024,,1.0,0.001,1,16,22x22,PrototypicalNetwork,5,5,b-59-850,miniImageNet_SOTA_trainSet,False,1,4000,2,exp5_hyperparameters,5.0,
,1012.846932262,0.0,1736959165.567299,,,0.9375,0.0004846784525639,,0.5430999990701676,,1.0,0.001,1,16,22x22,PrototypicalNetwork,5,5,b-59-850,miniImageNet_SOTA_trainSet,False,1,4000,2,exp5_hyperparameters,6.0,
,1131.430942437,0.0,1736959284.1537912,,,0.9375,0.0004846784525639,,0.5422499990463256,,1.0,0.001,1,16,22x22,PrototypicalNetwork,5,5,b-59-850,miniImageNet_SOTA_trainSet,False,1,4000,2,exp5_hyperparameters,7.0,
,1249.174265048,0.0,1736959401.936823,,,0.9375,0.0004846784525639,,0.5426499998569488,,1.0,0.001,1,16,22x22,PrototypicalNetwork,5,5,b-59-850,miniImageNet_SOTA_trainSet,False,1,4000,2,exp5_hyperparameters,8.0,
,1365.618658412,0.0,1736959518.3812232,,,0.9375,0.0004846784525639,,0.5436499991416931,,1.0,0.001,1,16,22x22,PrototypicalNetwork,5,5,b-59-850,miniImageNet_SOTA_trainSet,False,1,4000,2,exp5_hyperparameters,9.0,
,1482.36310844,0.0,1736959635.0851147,,,0.9375,0.0004846784525639,,0.5399000006914139,,1.0,0.001,1,16,22x22,PrototypicalNetwork,5,5,b-59-850,miniImageNet_SOTA_trainSet,False,1,4000,2,exp5_hyperparameters,10.0,
,1597.944883272,1.0,1736959750.7074847,,,0.9375,0.0004846784525639,,0.540949998497963,,1.0,0.001,1,16,22x22,PrototypicalNetwork,5,5,b-59-850,miniImageNet_SOTA_trainSet,False,1,4000,2,exp5_hyperparameters,0.0,
,1719.935865181,1.0,1736959872.698476,,,0.9375,0.0004846784525639,,0.5385999989509582,,1.0,0.001,1,16,22x22,PrototypicalNetwork,5,5,b-59-850,miniImageNet_SOTA_trainSet,False,1,4000,2,exp5_hyperparameters,1.0,
,1838.48291374,1.0,1736959991.2454538,,,0.9375,0.0004846784525639,,0.5380500000715256,,1.0,0.001,1,16,22x22,PrototypicalNetwork,5,5,b-59-850,miniImageNet_SOTA_trainSet,False,1,4000,2,exp5_hyperparameters,2.0,
,1958.052833951,1.0,1736960110.8154457,,,0.9375,0.0004846784525639,,0.5374499982595444,,1.0,0.001,1,16,22x22,PrototypicalNetwork,5,5,b-59-850,miniImageNet_SOTA_trainSet,False,1,4000,2,exp5_hyperparameters,3.0,
,2076.842970308,1.0,1736960229.6055248,,,0.9375,0.0004846784525639,,0.5371500000953674,,1.0,0.001,1,16,22x22,PrototypicalNetwork,5,5,b-59-850,miniImageNet_SOTA_trainSet,False,1,4000,2,exp5_hyperparameters,4.0,
,2197.463493187,1.0,1736960350.2260969,,,0.9375,0.0004846784525639,,0.5374500005245209,,1.0,0.001,1,16,22x22,PrototypicalNetwork,5,5,b-59-850,miniImageNet_SOTA_trainSet,False,1,4000,2,exp5_hyperparameters,5.0,
,2318.52659957,1.0,1736960471.2891505,,,0.9375,0.0004846784525639,,0.5347500004768372,,1.0,0.001,1,16,22x22,PrototypicalNetwork,5,5,b-59-850,miniImageNet_SOTA_trainSet,False,1,4000,2,exp5_hyperparameters,6.0,
,2440.229695455,1.0,1736960592.9922342,,,0.9375,0.0004846784525639,,0.542449999332428,,1.0,0.001,1,16,22x22,PrototypicalNetwork,5,5,b-59-850,miniImageNet_SOTA_trainSet,False,1,4000,2,exp5_hyperparameters,7.0,
,2558.635856437,1.0,1736960711.3984706,,,0.9375,0.0004846784525639,,0.5368499995470047,,1.0,0.001,1,16,22x22,PrototypicalNetwork,5,5,b-59-850,miniImageNet_SOTA_trainSet,False,1,4000,2,exp5_hyperparameters,8.0,
,2678.644442442,1.0,1736960831.4069755,,,0.9375,0.0004846784525639,,0.535700000166893,,1.0,0.001,1,16,22x22,PrototypicalNetwork,5,5,b-59-850,miniImageNet_SOTA_trainSet,False,1,4000,2,exp5_hyperparameters,9.0,
,2800.508009058,1.0,1736960953.2705777,,,0.9375,0.0004846784525639,,0.5352499995231629,,1.0,0.001,1,16,22x22,PrototypicalNetwork,5,5,b-59-850,miniImageNet_SOTA_trainSet,False,1,4000,2,exp5_hyperparameters,10.0,
,726.857686465,0.0,1736865284.876332,,,0.9375,0.0004846784525639,,0.6120999994277954,,1.0,0.001,1,16,22x22,PrototypicalNetwork,5,5,Greek,b-59-850,False,1,4000,2,exp5_hyperparameters,0.0,
,1035.966455777,0.0,1736865593.985134,,,0.9375,0.0004846784525639,,0.702300000667572,,1.0,0.001,1,16,22x22,PrototypicalNetwork,5,5,Greek,b-59-850,False,1,4000,2,exp5_hyperparameters,1.0,
,1345.534920936,0.0,1736865903.510295,,,0.9375,0.0004846784525639,,0.7114499995708465,,1.0,0.001,1,16,22x22,PrototypicalNetwork,5,5,Greek,b-59-850,False,1,4000,2,exp5_hyperparameters,2.0,
,1658.431768229,0.0,1736866216.4503214,,,0.9375,0.0004846784525639,,0.7047999980449676,,1.0,0.001,1,16,22x22,PrototypicalNetwork,5,5,Greek,b-59-850,False,1,4000,2,exp5_hyperparameters,3.0,
,1959.680396357,0.0,1736866517.6990724,,,0.9375,0.0004846784525639,,0.7027499992847442,,1.0,0.001,1,16,22x22,PrototypicalNetwork,5,5,Greek,b-59-850,False,1,4000,2,exp5_hyperparameters,4.0,
,2268.713615289,0.0,1736866826.732293,,,0.9375,0.0004846784525639,,0.7071500010490418,,1.0,0.001,1,16,22x22,PrototypicalNetwork,5,5,Greek,b-59-850,False,1,4000,2,exp5_hyperparameters,5.0,
,2566.964106272,0.0,1736867124.9826982,,,0.9375,0.0004846784525639,,0.7051000015735627,,1.0,0.001,1,16,22x22,PrototypicalNetwork,5,5,Greek,b-59-850,False,1,4000,2,exp5_hyperparameters,6.0,
,2871.031137754,0.0,1736867429.049813,,,0.9375,0.0004846784525639,,0.7112000014781952,,1.0,0.001,1,16,22x22,PrototypicalNetwork,5,5,Greek,b-59-850,False,1,4000,2,exp5_hyperparameters,7.0,
,3178.251956002,0.0,1736867736.27056,,,0.9375,0.0004846784525639,,0.7098500018119812,,1.0,0.001,1,16,22x22,PrototypicalNetwork,5,5,Greek,b-59-850,False,1,4000,2,exp5_hyperparameters,8.0,
,3494.702901578,0.0,1736868052.680191,,,0.9375,0.0004846784525639,,0.7063999981880188,,1.0,0.001,1,16,22x22,PrototypicalNetwork,5,5,Greek,b-59-850,False,1,4000,2,exp5_hyperparameters,9.0,
,3806.330944611,0.0,1736868364.308222,,,0.9375,0.0004846784525639,,0.7106999983787536,,1.0,0.001,1,16,22x22,PrototypicalNetwork,5,5,Greek,b-59-850,False,1,4000,2,exp5_hyperparameters,10.0,
,4118.224284893,1.0,1736868676.242957,,,0.9375,0.0004846784525639,,0.6079499999284744,,1.0,0.001,1,16,22x22,PrototypicalNetwork,5,5,Greek,b-59-850,False,1,4000,2,exp5_hyperparameters,0.0,
,4429.533758213,1.0,1736868987.5523968,,,0.9375,0.0004846784525639,,0.7072500011920929,,1.0,0.001,1,16,22x22,PrototypicalNetwork,5,5,Greek,b-59-850,False,1,4000,2,exp5_hyperparameters,1.0,
,4741.491651582,1.0,1736869299.510316,,,0.9375,0.0004846784525639,,0.7104000024795533,,1.0,0.001,1,16,22x22,PrototypicalNetwork,5,5,Greek,b-59-850,False,1,4000,2,exp5_hyperparameters,2.0,
,5048.322667604,1.0,1736869606.3413413,,,0.9375,0.0004846784525639,,0.7120000014305115,,1.0,0.001,1,16,22x22,PrototypicalNetwork,5,5,Greek,b-59-850,False,1,4000,2,exp5_hyperparameters,3.0,
,5358.082572246,1.0,1736869916.10125,,,0.9375,0.0004846784525639,,0.7072499995231628,,1.0,0.001,1,16,22x22,PrototypicalNetwork,5,5,Greek,b-59-850,False,1,4000,2,exp5_hyperparameters,4.0,
,5664.058888064,1.0,1736870222.0354228,,,0.9375,0.0004846784525639,,0.7058999993801117,,1.0,0.001,1,16,22x22,PrototypicalNetwork,5,5,Greek,b-59-850,False,1,4000,2,exp5_hyperparameters,5.0,
,5971.719743897,1.0,1736870529.738413,,,0.9375,0.0004846784525639,,0.7104499998092652,,1.0,0.001,1,16,22x22,PrototypicalNetwork,5,5,Greek,b-59-850,False,1,4000,2,exp5_hyperparameters,6.0,
,6277.274876569,1.0,1736870835.2534642,,,0.9375,0.0004846784525639,,0.7050499992370606,,1.0,0.001,1,16,22x22,PrototypicalNetwork,5,5,Greek,b-59-850,False,1,4000,2,exp5_hyperparameters,7.0,
,6588.283040922,1.0,1736871146.3017218,,,0.9375,0.0004846784525639,,0.707900001525879,,1.0,0.001,1,16,22x22,PrototypicalNetwork,5,5,Greek,b-59-850,False,1,4000,2,exp5_hyperparameters,8.0,
,6893.846892285,1.0,1736871451.82575,,,0.9375,0.0004846784525639,,0.7064500029087066,,1.0,0.001,1,16,22x22,PrototypicalNetwork,5,5,Greek,b-59-850,False,1,4000,2,exp5_hyperparameters,9.0,
,7194.195040123,1.0,1736871752.1718986,,,0.9375,0.0004846784525639,,0.7069499979019165,,1.0,0.001,1,16,22x22,PrototypicalNetwork,5,5,Greek,b-59-850,False,1,4000,2,exp5_hyperparameters,10.0,
,102.459962058,0.0,1736993408.6570802,,,0.875,0.0004846784525639,,0.6455,,0.75,0.001,1,16,22x22,MatchingNetwork,5,5,Greek,b-59-850,False,5,4000,2,exp5_hyperparameters,0.0,
,113.665941834,0.0,1736993419.86314,,,0.875,0.0004846784525639,,0.7515,,1.0,0.001,1,16,22x22,MatchingNetwork,5,5,Greek,b-59-850,False,5,4000,2,exp5_hyperparameters,1.0,
,124.722979902,0.0,1736993430.920151,,,0.875,0.0004846784525639,,0.76675,,1.0,0.001,1,16,22x22,MatchingNetwork,5,5,Greek,b-59-850,False,5,4000,2,exp5_hyperparameters,2.0,
,135.763015743,0.0,1736993441.9602146,,,0.875,0.0004846784525639,,0.76675,,1.0,0.001,1,16,22x22,MatchingNetwork,5,5,Greek,b-59-850,False,5,4000,2,exp5_hyperparameters,3.0,
,146.917233923,0.0,1736993453.114426,,,0.875,0.0004846784525639,,0.7725,,1.0,0.001,1,16,22x22,MatchingNetwork,5,5,Greek,b-59-850,False,5,4000,2,exp5_hyperparameters,4.0,
,158.115420932,0.0,1736993464.312621,,,0.875,0.0004846784525639,,0.77875,,1.0,0.001,1,16,22x22,MatchingNetwork,5,5,Greek,b-59-850,False,5,4000,2,exp5_hyperparameters,5.0,
,169.224362566,0.0,1736993475.421552,,,0.875,0.0004846784525639,,0.7655,,1.0,0.001,1,16,22x22,MatchingNetwork,5,5,Greek,b-59-850,False,5,4000,2,exp5_hyperparameters,6.0,
,180.437953738,0.0,1736993486.635147,,,0.875,0.0004846784525639,,0.791,,1.0,0.001,1,16,22x22,MatchingNetwork,5,5,Greek,b-59-850,False,5,4000,2,exp5_hyperparameters,7.0,
,191.593336388,0.0,1736993497.7905312,,,0.875,0.0004846784525639,,0.78775,,1.0,0.001,1,16,22x22,MatchingNetwork,5,5,Greek,b-59-850,False,5,4000,2,exp5_hyperparameters,8.0,
,202.695585137,0.0,1736993508.892782,,,0.875,0.0004846784525639,,0.781,,1.0,0.001,1,16,22x22,MatchingNetwork,5,5,Greek,b-59-850,False,5,4000,2,exp5_hyperparameters,9.0,
,213.805314673,0.0,1736993520.0025108,,,0.875,0.0004846784525639,,0.79475,,1.0,0.001,1,16,22x22,MatchingNetwork,5,5,Greek,b-59-850,False,5,4000,2,exp5_hyperparameters,10.0,
,223.633976779,1.0,1736993529.831159,,,0.875,0.0004846784525639,,0.642,,1.0,0.001,1,16,22x22,MatchingNetwork,5,5,Greek,b-59-850,False,5,4000,2,exp5_hyperparameters,0.0,
,234.663750827,1.0,1736993540.860945,,,0.875,0.0004846784525639,,0.73875,,0.9375,0.001,1,16,22x22,MatchingNetwork,5,5,Greek,b-59-850,False,5,4000,2,exp5_hyperparameters,1.0,
,245.663038237,1.0,1736993551.8602335,,,0.875,0.0004846784525639,,0.76125,,1.0,0.001,1,16,22x22,MatchingNetwork,5,5,Greek,b-59-850,False,5,4000,2,exp5_hyperparameters,2.0,
,256.791190945,1.0,1736993562.9883916,,,0.875,0.0004846784525639,,0.77875,,1.0,0.001,1,16,22x22,MatchingNetwork,5,5,Greek,b-59-850,False,5,4000,2,exp5_hyperparameters,3.0,
,267.849202946,1.0,1736993574.0463936,,,0.875,0.0004846784525639,,0.78825,,1.0,0.001,1,16,22x22,MatchingNetwork,5,5,Greek,b-59-850,False,5,4000,2,exp5_hyperparameters,4.0,
,278.852344997,1.0,1736993585.0495312,,,0.875,0.0004846784525639,,0.7825,,1.0,0.001,1,16,22x22,MatchingNetwork,5,5,Greek,b-59-850,False,5,4000,2,exp5_hyperparameters,5.0,
,289.862508167,1.0,1736993596.0596263,,,0.875,0.0004846784525639,,0.8005,,1.0,0.001,1,16,22x22,MatchingNetwork,5,5,Greek,b-59-850,False,5,4000,2,exp5_hyperparameters,6.0,
,300.964362014,1.0,1736993607.1216097,,,0.875,0.0004846784525639,,0.78175,,1.0,0.001,1,16,22x22,MatchingNetwork,5,5,Greek,b-59-850,False,5,4000,2,exp5_hyperparameters,7.0,
,312.059926911,1.0,1736993618.2571208,,,0.875,0.0004846784525639,,0.79975,,1.0,0.001,1,16,22x22,MatchingNetwork,5,5,Greek,b-59-850,False,5,4000,2,exp5_hyperparameters,8.0,
,323.198401209,1.0,1736993629.3955815,,,0.875,0.0004846784525639,,0.79775,,1.0,0.001,1,16,22x22,MatchingNetwork,5,5,Greek,b-59-850,False,5,4000,2,exp5_hyperparameters,9.0,
,334.258118646,1.0,1736993640.455315,,,0.875,0.0004846784525639,,0.81075,,1.0,0.001,1,16,22x22,MatchingNetwork,5,5,Greek,b-59-850,False,5,4000,2,exp5_hyperparameters,10.0,
