_step,_runtime,bootstrap_iter,_timestamp,ft_eval_acc,ft_loss,ft_acc,lr,epochs,batch_size,input_size,model_type,n_way_test,n_way_train,tgt_dataset,src_datasets,fixed_support,samples_per_class,num_total_episodes,num_bootstrap_iters,exp_name
0,39.183075879,2.0,1738948954.9693766,,,,0.001,1,16,40x40,PrototypicalNetwork,5,5,TKH,b-59-850,False,10,4000,5,exp1_permuted_src_datasets
1,1875.679713812,2.0,1738950791.4320536,0.9104500007629395,,,0.001,1,16,40x40,PrototypicalNetwork,5,5,TKH,b-59-850,False,10,4000,5,exp1_permuted_src_datasets
2,1875.838481283,2.0,1738950791.6246881,,0.0041044228710234165,1.0,0.001,1,16,40x40,PrototypicalNetwork,5,5,TKH,b-59-850,False,10,4000,5,exp1_permuted_src_datasets
3,1876.089853348,2.0,1738950791.8759425,,0.0009145797230303288,1.0,0.001,1,16,40x40,PrototypicalNetwork,5,5,TKH,b-59-850,False,10,4000,5,exp1_permuted_src_datasets
4,1876.252789683,2.0,1738950792.0388377,,0.0004948937566950917,1.0,0.001,1,16,40x40,PrototypicalNetwork,5,5,TKH,b-59-850,False,10,4000,5,exp1_permuted_src_datasets
5,1876.43378606,2.0,1738950792.2199304,,0.000233695114729926,1.0,0.001,1,16,40x40,PrototypicalNetwork,5,5,TKH,b-59-850,False,10,4000,5,exp1_permuted_src_datasets
6,1876.635754198,2.0,1738950792.421785,,8.23399968794547e-05,1.0,0.001,1,16,40x40,PrototypicalNetwork,5,5,TKH,b-59-850,False,10,4000,5,exp1_permuted_src_datasets
7,1876.819946104,2.0,1738950792.6061308,,3.606361133279279e-05,1.0,0.001,1,16,40x40,PrototypicalNetwork,5,5,TKH,b-59-850,False,10,4000,5,exp1_permuted_src_datasets
8,1877.05542173,2.0,1738950792.8416069,,3.165940142935142e-05,1.0,0.001,1,16,40x40,PrototypicalNetwork,5,5,TKH,b-59-850,False,10,4000,5,exp1_permuted_src_datasets
9,1877.261448157,2.0,1738950793.0475247,,2.484660035406705e-05,1.0,0.001,1,16,40x40,PrototypicalNetwork,5,5,TKH,b-59-850,False,10,4000,5,exp1_permuted_src_datasets
10,1877.461899821,2.0,1738950793.248051,,1.3364519872993696e-05,1.0,0.001,1,16,40x40,PrototypicalNetwork,5,5,TKH,b-59-850,False,10,4000,5,exp1_permuted_src_datasets
11,1877.704265076,2.0,1738950793.490371,,7.337233000725973e-06,1.0,0.001,1,16,40x40,PrototypicalNetwork,5,5,TKH,b-59-850,False,10,4000,5,exp1_permuted_src_datasets
12,1877.929226265,2.0,1738950793.715415,,9.490216143603902e-06,1.0,0.001,1,16,40x40,PrototypicalNetwork,5,5,TKH,b-59-850,False,10,4000,5,exp1_permuted_src_datasets
13,1878.109573258,2.0,1738950793.8957617,,6.358233804348856e-06,1.0,0.001,1,16,40x40,PrototypicalNetwork,5,5,TKH,b-59-850,False,10,4000,5,exp1_permuted_src_datasets
14,1878.322477486,2.0,1738950794.1085112,,4.88455862068804e-06,1.0,0.001,1,16,40x40,PrototypicalNetwork,5,5,TKH,b-59-850,False,10,4000,5,exp1_permuted_src_datasets
15,1878.484599362,2.0,1738950794.270784,,2.9712664399994537e-06,1.0,0.001,1,16,40x40,PrototypicalNetwork,5,5,TKH,b-59-850,False,10,4000,5,exp1_permuted_src_datasets
16,1878.686984125,2.0,1738950794.473176,,4.121617166674696e-06,1.0,0.001,1,16,40x40,PrototypicalNetwork,5,5,TKH,b-59-850,False,10,4000,5,exp1_permuted_src_datasets
17,1878.860339391,2.0,1738950794.646537,,1.5452453681064071e-06,1.0,0.001,1,16,40x40,PrototypicalNetwork,5,5,TKH,b-59-850,False,10,4000,5,exp1_permuted_src_datasets
18,1879.052141998,2.0,1738950794.8383121,,1.5541852462774841e-06,1.0,0.001,1,16,40x40,PrototypicalNetwork,5,5,TKH,b-59-850,False,10,4000,5,exp1_permuted_src_datasets
19,1879.272330542,2.0,1738950795.0584037,,1.5348148281191243e-06,1.0,0.001,1,16,40x40,PrototypicalNetwork,5,5,TKH,b-59-850,False,10,4000,5,exp1_permuted_src_datasets
20,1879.427525845,2.0,1738950795.21368,,2.044427219516365e-06,1.0,0.001,1,16,40x40,PrototypicalNetwork,5,5,TKH,b-59-850,False,10,4000,5,exp1_permuted_src_datasets
21,1879.621625126,2.0,1738950795.4077451,,1.2770261719197151e-06,1.0,0.001,1,16,40x40,PrototypicalNetwork,5,5,TKH,b-59-850,False,10,4000,5,exp1_permuted_src_datasets
22,1879.852846194,2.0,1738950795.6389754,,1.1309941783110844e-06,1.0,0.001,1,16,40x40,PrototypicalNetwork,5,5,TKH,b-59-850,False,10,4000,5,exp1_permuted_src_datasets
23,1880.043609174,2.0,1738950795.8297637,,1.0266878689435543e-06,1.0,0.001,1,16,40x40,PrototypicalNetwork,5,5,TKH,b-59-850,False,10,4000,5,exp1_permuted_src_datasets
24,1880.199129398,2.0,1738950795.9853213,,8.493641985296563e-07,1.0,0.001,1,16,40x40,PrototypicalNetwork,5,5,TKH,b-59-850,False,10,4000,5,exp1_permuted_src_datasets
25,1880.348316808,2.0,1738950796.1344965,,8.836360620989581e-07,1.0,0.001,1,16,40x40,PrototypicalNetwork,5,5,TKH,b-59-850,False,10,4000,5,exp1_permuted_src_datasets
26,1880.534258637,2.0,1738950796.3203702,,1.142915380114573e-06,1.0,0.001,1,16,40x40,PrototypicalNetwork,5,5,TKH,b-59-850,False,10,4000,5,exp1_permuted_src_datasets
27,1880.721401123,2.0,1738950796.5075998,,6.526698825837229e-07,1.0,0.001,1,16,40x40,PrototypicalNetwork,5,5,TKH,b-59-850,False,10,4000,5,exp1_permuted_src_datasets
28,1880.936495992,2.0,1738950796.7226183,,9.790030617295997e-07,1.0,0.001,1,16,40x40,PrototypicalNetwork,5,5,TKH,b-59-850,False,10,4000,5,exp1_permuted_src_datasets
29,1881.181631772,2.0,1738950796.967632,,3.8742979313610704e-07,1.0,0.001,1,16,40x40,PrototypicalNetwork,5,5,TKH,b-59-850,False,10,4000,5,exp1_permuted_src_datasets
30,1881.409170387,2.0,1738950797.1953492,,2.518294479614269e-07,1.0,0.001,1,16,40x40,PrototypicalNetwork,5,5,TKH,b-59-850,False,10,4000,5,exp1_permuted_src_datasets
31,1881.603976946,2.0,1738950797.3901634,,5.558110842684982e-07,1.0,0.001,1,16,40x40,PrototypicalNetwork,5,5,TKH,b-59-850,False,10,4000,5,exp1_permuted_src_datasets
32,1881.806896553,2.0,1738950797.5930057,,6.094562081671029e-07,1.0,0.001,1,16,40x40,PrototypicalNetwork,5,5,TKH,b-59-850,False,10,4000,5,exp1_permuted_src_datasets
33,1882.008019981,2.0,1738950797.794151,,3.322954569284775e-07,1.0,0.001,1,16,40x40,PrototypicalNetwork,5,5,TKH,b-59-850,False,10,4000,5,exp1_permuted_src_datasets
34,1882.280285308,2.0,1738950798.0663674,,2.8908226568091777e-07,1.0,0.001,1,16,40x40,PrototypicalNetwork,5,5,TKH,b-59-850,False,10,4000,5,exp1_permuted_src_datasets
35,1882.522957631,2.0,1738950798.3090093,,2.6077017878378683e-07,1.0,0.001,1,16,40x40,PrototypicalNetwork,5,5,TKH,b-59-850,False,10,4000,5,exp1_permuted_src_datasets
36,1882.780605661,2.0,1738950798.5666642,,3.3527584264447796e-07,1.0,0.001,1,16,40x40,PrototypicalNetwork,5,5,TKH,b-59-850,False,10,4000,5,exp1_permuted_src_datasets
37,1882.994576207,2.0,1738950798.7807887,,2.5928002855835075e-07,1.0,0.001,1,16,40x40,PrototypicalNetwork,5,5,TKH,b-59-850,False,10,4000,5,exp1_permuted_src_datasets
38,1883.192847677,2.0,1738950798.9789643,,5.036582706452464e-07,1.0,0.001,1,16,40x40,PrototypicalNetwork,5,5,TKH,b-59-850,False,10,4000,5,exp1_permuted_src_datasets
39,1883.419905595,2.0,1738950799.2060692,,1.3858070246897114e-07,1.0,0.001,1,16,40x40,PrototypicalNetwork,5,5,TKH,b-59-850,False,10,4000,5,exp1_permuted_src_datasets
40,1883.59092163,2.0,1738950799.377046,,3.114339506282704e-07,1.0,0.001,1,16,40x40,PrototypicalNetwork,5,5,TKH,b-59-850,False,10,4000,5,exp1_permuted_src_datasets
41,1883.813884603,2.0,1738950799.6000617,,2.5182947638313635e-07,1.0,0.001,1,16,40x40,PrototypicalNetwork,5,5,TKH,b-59-850,False,10,4000,5,exp1_permuted_src_datasets
42,1884.014620389,2.0,1738950799.8007946,,1.4007086690526194e-07,1.0,0.001,1,16,40x40,PrototypicalNetwork,5,5,TKH,b-59-850,False,10,4000,5,exp1_permuted_src_datasets
43,1884.219778634,2.0,1738950800.0058599,,1.7732375567902636e-07,1.0,0.001,1,16,40x40,PrototypicalNetwork,5,5,TKH,b-59-850,False,10,4000,5,exp1_permuted_src_datasets
44,1884.35881017,2.0,1738950800.1449554,,2.6971071065418073e-07,1.0,0.001,1,16,40x40,PrototypicalNetwork,5,5,TKH,b-59-850,False,10,4000,5,exp1_permuted_src_datasets
45,1884.575104878,2.0,1738950800.3612263,,2.801415917019767e-07,1.0,0.001,1,16,40x40,PrototypicalNetwork,5,5,TKH,b-59-850,False,10,4000,5,exp1_permuted_src_datasets
46,1884.816491649,2.0,1738950800.6025634,,2.1755684542767995e-07,1.0,0.001,1,16,40x40,PrototypicalNetwork,5,5,TKH,b-59-850,False,10,4000,5,exp1_permuted_src_datasets
47,1885.036340293,2.0,1738950800.82252,,9.685752644372769e-08,1.0,0.001,1,16,40x40,PrototypicalNetwork,5,5,TKH,b-59-850,False,10,4000,5,exp1_permuted_src_datasets
48,1885.279678639,2.0,1738950801.0658524,,1.9222491687287402e-07,1.0,0.001,1,16,40x40,PrototypicalNetwork,5,5,TKH,b-59-850,False,10,4000,5,exp1_permuted_src_datasets
49,1885.516055118,2.0,1738950801.3019009,,2.5182947638313635e-07,1.0,0.001,1,16,40x40,PrototypicalNetwork,5,5,TKH,b-59-850,False,10,4000,5,exp1_permuted_src_datasets
50,1885.747992253,2.0,1738950801.534017,,1.6987318929295725e-07,1.0,0.001,1,16,40x40,PrototypicalNetwork,5,5,TKH,b-59-850,False,10,4000,5,exp1_permuted_src_datasets
51,1885.967818937,2.0,1738950801.753864,,3.1441413739230484e-07,1.0,0.001,1,16,40x40,PrototypicalNetwork,5,5,TKH,b-59-850,False,10,4000,5,exp1_permuted_src_datasets
52,1886.210002113,2.0,1738950801.996093,,3.2484439316249336e-07,1.0,0.001,1,16,40x40,PrototypicalNetwork,5,5,TKH,b-59-850,False,10,4000,5,exp1_permuted_src_datasets
53,1886.457579226,2.0,1738950802.243746,,3.337856924190419e-07,1.0,0.001,1,16,40x40,PrototypicalNetwork,5,5,TKH,b-59-850,False,10,4000,5,exp1_permuted_src_datasets
54,1886.706783781,2.0,1738950802.4929025,,2.0265565581212286e-07,1.0,0.001,1,16,40x40,PrototypicalNetwork,5,5,TKH,b-59-850,False,10,4000,5,exp1_permuted_src_datasets
55,1886.952001542,2.0,1738950802.7380567,,2.6822007725968433e-07,1.0,0.001,1,16,40x40,PrototypicalNetwork,5,5,TKH,b-59-850,False,10,4000,5,exp1_permuted_src_datasets
56,1887.175895391,2.0,1738950802.961958,,2.0563587099786673e-07,1.0,0.001,1,16,40x40,PrototypicalNetwork,5,5,TKH,b-59-850,False,10,4000,5,exp1_permuted_src_datasets
57,1887.375740844,2.0,1738950803.1618986,,1.9222486002945516e-07,1.0,0.001,1,16,40x40,PrototypicalNetwork,5,5,TKH,b-59-850,False,10,4000,5,exp1_permuted_src_datasets
58,1887.58953854,2.0,1738950803.375699,,2.6971071065418073e-07,1.0,0.001,1,16,40x40,PrototypicalNetwork,5,5,TKH,b-59-850,False,10,4000,5,exp1_permuted_src_datasets
59,1887.79845225,2.0,1738950803.5845313,,2.3394792947328824e-07,1.0,0.001,1,16,40x40,PrototypicalNetwork,5,5,TKH,b-59-850,False,10,4000,5,exp1_permuted_src_datasets
60,1888.030175448,2.0,1738950803.8162298,,2.4586898916822975e-07,1.0,0.001,1,16,40x40,PrototypicalNetwork,5,5,TKH,b-59-850,False,10,4000,5,exp1_permuted_src_datasets
61,1888.282541689,2.0,1738950804.0687094,,2.1755677437340637e-07,1.0,0.001,1,16,40x40,PrototypicalNetwork,5,5,TKH,b-59-850,False,10,4000,5,exp1_permuted_src_datasets
62,1888.510249696,2.0,1738950804.2963345,,4.097814212400408e-07,1.0,0.001,1,16,40x40,PrototypicalNetwork,5,5,TKH,b-59-850,False,10,4000,5,exp1_permuted_src_datasets
63,1888.73144712,2.0,1738950804.5175583,,2.5480954946033307e-07,1.0,0.001,1,16,40x40,PrototypicalNetwork,5,5,TKH,b-59-850,False,10,4000,5,exp1_permuted_src_datasets
64,3838.020077683,2.0,1738952753.8064404,0.9274500007629395,,,0.001,1,16,40x40,PrototypicalNetwork,5,5,TKH,b-59-850,False,10,4000,5,exp1_permuted_src_datasets
65,3838.194781315,2.0,1738952753.980948,,8.791683114850457e-08,1.0,0.001,1,16,40x40,PrototypicalNetwork,5,5,TKH,b-59-850,False,10,4000,5,exp1_permuted_src_datasets
66,3838.433852739,2.0,1738952754.2199843,,1.4603132569845911e-07,1.0,0.001,1,16,40x40,PrototypicalNetwork,5,5,TKH,b-59-850,False,10,4000,5,exp1_permuted_src_datasets
67,3838.780066002,2.0,1738952754.566204,,1.4752144750218577e-07,1.0,0.001,1,16,40x40,PrototypicalNetwork,5,5,TKH,b-59-850,False,10,4000,5,exp1_permuted_src_datasets
68,3838.998655273,2.0,1738952754.7847612,,1.1920926823449918e-07,1.0,0.001,1,16,40x40,PrototypicalNetwork,5,5,TKH,b-59-850,False,10,4000,5,exp1_permuted_src_datasets
69,3839.152112456,2.0,1738952754.9383216,,2.0116559085181507e-07,1.0,0.001,1,16,40x40,PrototypicalNetwork,5,5,TKH,b-59-850,False,10,4000,5,exp1_permuted_src_datasets
70,3839.330328434,2.0,1738952755.1165538,,2.1606675204566272e-07,1.0,0.001,1,16,40x40,PrototypicalNetwork,5,5,TKH,b-59-850,False,10,4000,5,exp1_permuted_src_datasets
71,3839.517617891,2.0,1738952755.303771,,1.89244659054566e-07,1.0,0.001,1,16,40x40,PrototypicalNetwork,5,5,TKH,b-59-850,False,10,4000,5,exp1_permuted_src_datasets
72,3839.735992052,2.0,1738952755.5221353,,1.251697341331237e-07,1.0,0.001,1,16,40x40,PrototypicalNetwork,5,5,TKH,b-59-850,False,10,4000,5,exp1_permuted_src_datasets
73,3839.933535405,2.0,1738952755.7197397,,4.604449372891395e-07,1.0,0.001,1,16,40x40,PrototypicalNetwork,5,5,TKH,b-59-850,False,10,4000,5,exp1_permuted_src_datasets
74,3840.146666324,2.0,1738952755.9328518,,5.394198865360522e-07,1.0,0.001,1,16,40x40,PrototypicalNetwork,5,5,TKH,b-59-850,False,10,4000,5,exp1_permuted_src_datasets
75,3840.329967347,2.0,1738952756.1160643,,6.109457899583504e-07,1.0,0.001,1,16,40x40,PrototypicalNetwork,5,5,TKH,b-59-850,False,10,4000,5,exp1_permuted_src_datasets
76,3840.500864007,2.0,1738952756.2870293,,2.3990850195332314e-07,1.0,0.001,1,16,40x40,PrototypicalNetwork,5,5,TKH,b-59-850,False,10,4000,5,exp1_permuted_src_datasets
77,3840.698213531,2.0,1738952756.4844713,,8.046625055158074e-08,1.0,0.001,1,16,40x40,PrototypicalNetwork,5,5,TKH,b-59-850,False,10,4000,5,exp1_permuted_src_datasets
78,3840.893572052,2.0,1738952756.6797829,,2.428886034522293e-07,1.0,0.001,1,16,40x40,PrototypicalNetwork,5,5,TKH,b-59-850,False,10,4000,5,exp1_permuted_src_datasets
79,3841.121437479,2.0,1738952756.9075794,,1.415609887089886e-07,1.0,0.001,1,16,40x40,PrototypicalNetwork,5,5,TKH,b-59-850,False,10,4000,5,exp1_permuted_src_datasets
80,3841.318464185,2.0,1738952757.104545,,1.2516969150055957e-07,1.0,0.001,1,16,40x40,PrototypicalNetwork,5,5,TKH,b-59-850,False,10,4000,5,exp1_permuted_src_datasets
81,3841.485436791,2.0,1738952757.2716515,,2.90572359062935e-07,1.0,0.001,1,16,40x40,PrototypicalNetwork,5,5,TKH,b-59-850,False,10,4000,5,exp1_permuted_src_datasets
82,3841.614506895,2.0,1738952757.4006016,,2.384183943604512e-07,1.0,0.001,1,16,40x40,PrototypicalNetwork,5,5,TKH,b-59-850,False,10,4000,5,exp1_permuted_src_datasets
83,3841.792786121,2.0,1738952757.5789645,,1.832841860505141e-07,1.0,0.001,1,16,40x40,PrototypicalNetwork,5,5,TKH,b-59-850,False,10,4000,5,exp1_permuted_src_datasets
84,3842.019463894,2.0,1738952757.805646,,1.5586356312269345e-06,1.0,0.001,1,16,40x40,PrototypicalNetwork,5,5,TKH,b-59-850,False,10,4000,5,exp1_permuted_src_datasets
85,3842.233459829,2.0,1738952758.0196486,,2.0712602122330281e-07,1.0,0.001,1,16,40x40,PrototypicalNetwork,5,5,TKH,b-59-850,False,10,4000,5,exp1_permuted_src_datasets
86,3842.384108982,2.0,1738952758.1702898,,2.0712607806672167e-07,1.0,0.001,1,16,40x40,PrototypicalNetwork,5,5,TKH,b-59-850,False,10,4000,5,exp1_permuted_src_datasets
87,3842.567159311,2.0,1738952758.3525238,,1.5795225749570818e-07,1.0,0.001,1,16,40x40,PrototypicalNetwork,5,5,TKH,b-59-850,False,10,4000,5,exp1_permuted_src_datasets
88,3842.765896005,2.0,1738952758.552046,,1.6838305327837588e-07,1.0,0.001,1,16,40x40,PrototypicalNetwork,5,5,TKH,b-59-850,False,10,4000,5,exp1_permuted_src_datasets
89,3842.984860082,2.0,1738952758.7710283,,1.2814993510801287e-07,1.0,0.001,1,16,40x40,PrototypicalNetwork,5,5,TKH,b-59-850,False,10,4000,5,exp1_permuted_src_datasets
90,3843.206040978,2.0,1738952758.9922357,,7.599591356211022e-08,1.0,0.001,1,16,40x40,PrototypicalNetwork,5,5,TKH,b-59-850,False,10,4000,5,exp1_permuted_src_datasets
91,3843.471437194,2.0,1738952759.2575812,,1.1920926823449918e-07,1.0,0.001,1,16,40x40,PrototypicalNetwork,5,5,TKH,b-59-850,False,10,4000,5,exp1_permuted_src_datasets
92,3843.690360157,2.0,1738952759.4764533,,8.493660885733334e-08,1.0,0.001,1,16,40x40,PrototypicalNetwork,5,5,TKH,b-59-850,False,10,4000,5,exp1_permuted_src_datasets
93,3843.884776999,2.0,1738952759.6709945,,9.238718234882981e-08,1.0,0.001,1,16,40x40,PrototypicalNetwork,5,5,TKH,b-59-850,False,10,4000,5,exp1_permuted_src_datasets
94,3844.103243168,2.0,1738952759.8895123,,4.067998702339537e-07,1.0,0.001,1,16,40x40,PrototypicalNetwork,5,5,TKH,b-59-850,False,10,4000,5,exp1_permuted_src_datasets
95,3844.349477695,2.0,1738952760.1356106,,2.4139859533534036e-07,1.0,0.001,1,16,40x40,PrototypicalNetwork,5,5,TKH,b-59-850,False,10,4000,5,exp1_permuted_src_datasets
96,3844.598000521,2.0,1738952760.3841524,,1.6987317508210253e-07,1.0,0.001,1,16,40x40,PrototypicalNetwork,5,5,TKH,b-59-850,False,10,4000,5,exp1_permuted_src_datasets
97,3844.788777013,2.0,1738952760.574991,,2.0265565581212286e-07,1.0,0.001,1,16,40x40,PrototypicalNetwork,5,5,TKH,b-59-850,False,10,4000,5,exp1_permuted_src_datasets
98,3844.960024855,2.0,1738952760.74621,,1.1473889571789186e-07,1.0,0.001,1,16,40x40,PrototypicalNetwork,5,5,TKH,b-59-850,False,10,4000,5,exp1_permuted_src_datasets
99,3845.149636226,2.0,1738952760.9357855,,6.079654895074782e-07,1.0,0.001,1,16,40x40,PrototypicalNetwork,5,5,TKH,b-59-850,False,10,4000,5,exp1_permuted_src_datasets
100,3845.376239921,2.0,1738952761.1623466,,1.2964005691173952e-07,1.0,0.001,1,16,40x40,PrototypicalNetwork,5,5,TKH,b-59-850,False,10,4000,5,exp1_permuted_src_datasets
101,3845.589776013,2.0,1738952761.375971,,2.2947770617065544e-07,1.0,0.001,1,16,40x40,PrototypicalNetwork,5,5,TKH,b-59-850,False,10,4000,5,exp1_permuted_src_datasets
102,3845.805777793,2.0,1738952761.591933,,1.8030395665391552e-07,1.0,0.001,1,16,40x40,PrototypicalNetwork,5,5,TKH,b-59-850,False,10,4000,5,exp1_permuted_src_datasets
103,3845.992449059,2.0,1738952761.7786343,,1.7881387748275301e-07,1.0,0.001,1,16,40x40,PrototypicalNetwork,5,5,TKH,b-59-850,False,10,4000,5,exp1_permuted_src_datasets
104,3846.370008323,2.0,1738952762.1561067,,9.536741885085576e-08,1.0,0.001,1,16,40x40,PrototypicalNetwork,5,5,TKH,b-59-850,False,10,4000,5,exp1_permuted_src_datasets
105,3846.712348971,2.0,1738952762.4984696,,1.4007086690526194e-07,1.0,0.001,1,16,40x40,PrototypicalNetwork,5,5,TKH,b-59-850,False,10,4000,5,exp1_permuted_src_datasets
106,3846.902685028,2.0,1738952762.6888738,,8.642670934477792e-08,1.0,0.001,1,16,40x40,PrototypicalNetwork,5,5,TKH,b-59-850,False,10,4000,5,exp1_permuted_src_datasets
107,3847.058312546,2.0,1738952762.8445313,,1.415609887089886e-07,1.0,0.001,1,16,40x40,PrototypicalNetwork,5,5,TKH,b-59-850,False,10,4000,5,exp1_permuted_src_datasets
108,3847.254594384,2.0,1738952763.0407443,,1.2367961232939706e-07,1.0,0.001,1,16,40x40,PrototypicalNetwork,5,5,TKH,b-59-850,False,10,4000,5,exp1_permuted_src_datasets
109,3847.414843018,2.0,1738952763.2010562,,1.1473888150703715e-07,1.0,0.001,1,16,40x40,PrototypicalNetwork,5,5,TKH,b-59-850,False,10,4000,5,exp1_permuted_src_datasets
110,3847.59800338,2.0,1738952763.384175,,4.5001448256698495e-07,1.0,0.001,1,16,40x40,PrototypicalNetwork,5,5,TKH,b-59-850,False,10,4000,5,exp1_permuted_src_datasets
111,3847.769530787,2.0,1738952763.5557618,,1.0281799234235223e-07,1.0,0.001,1,16,40x40,PrototypicalNetwork,5,5,TKH,b-59-850,False,10,4000,5,exp1_permuted_src_datasets
112,3847.934125549,2.0,1738952763.7202363,,2.6226015847896633e-07,1.0,0.001,1,16,40x40,PrototypicalNetwork,5,5,TKH,b-59-850,False,10,4000,5,exp1_permuted_src_datasets
113,3848.139631315,2.0,1738952763.9258132,,2.6971082434101845e-07,1.0,0.001,1,16,40x40,PrototypicalNetwork,5,5,TKH,b-59-850,False,10,4000,5,exp1_permuted_src_datasets
114,3848.354474583,2.0,1738952764.1406052,,1.4752144750218577e-07,1.0,0.001,1,16,40x40,PrototypicalNetwork,5,5,TKH,b-59-850,False,10,4000,5,exp1_permuted_src_datasets
115,3848.570277387,2.0,1738952764.3564281,,1.221894763148157e-07,1.0,0.001,1,16,40x40,PrototypicalNetwork,5,5,TKH,b-59-850,False,10,4000,5,exp1_permuted_src_datasets
116,3848.796762455,2.0,1738952764.5829368,,7.89761429587088e-08,1.0,0.001,1,16,40x40,PrototypicalNetwork,5,5,TKH,b-59-850,False,10,4000,5,exp1_permuted_src_datasets
117,3849.002165547,2.0,1738952764.7883022,,2.1159640084533748e-07,1.0,0.001,1,16,40x40,PrototypicalNetwork,5,5,TKH,b-59-850,False,10,4000,5,exp1_permuted_src_datasets
118,3849.2473934,2.0,1738952765.0335007,,1.7285336184613698e-07,1.0,0.001,1,16,40x40,PrototypicalNetwork,5,5,TKH,b-59-850,False,10,4000,5,exp1_permuted_src_datasets
119,3849.493807451,2.0,1738952765.2799814,,1.1324880233587464e-07,1.0,0.001,1,16,40x40,PrototypicalNetwork,5,5,TKH,b-59-850,False,10,4000,5,exp1_permuted_src_datasets
120,3849.734177426,2.0,1738952765.520377,,1.9818533303350705e-07,1.0,0.001,1,16,40x40,PrototypicalNetwork,5,5,TKH,b-59-850,False,10,4000,5,exp1_permuted_src_datasets
121,3849.962414339,2.0,1738952765.7484994,,1.698731466603931e-07,1.0,0.001,1,16,40x40,PrototypicalNetwork,5,5,TKH,b-59-850,False,10,4000,5,exp1_permuted_src_datasets
122,3850.133158009,2.0,1738952765.919376,,1.2367959811854234e-07,1.0,0.001,1,16,40x40,PrototypicalNetwork,5,5,TKH,b-59-850,False,10,4000,5,exp1_permuted_src_datasets
123,3850.32505724,2.0,1738952766.1111777,,1.4156093186556973e-07,1.0,0.001,1,16,40x40,PrototypicalNetwork,5,5,TKH,b-59-850,False,10,4000,5,exp1_permuted_src_datasets
124,3850.55736802,2.0,1738952766.3436303,,9.983775584032628e-08,1.0,0.001,1,16,40x40,PrototypicalNetwork,5,5,TKH,b-59-850,False,10,4000,5,exp1_permuted_src_datasets
125,3850.772384225,2.0,1738952766.5584288,,1.5050169110963907e-07,1.0,0.001,1,16,40x40,PrototypicalNetwork,5,5,TKH,b-59-850,False,10,4000,5,exp1_permuted_src_datasets
126,3850.981040074,2.0,1738952766.7672114,,1.415609887089886e-07,1.0,0.001,1,16,40x40,PrototypicalNetwork,5,5,TKH,b-59-850,False,10,4000,5,exp1_permuted_src_datasets
127,5816.910998355,2.0,1738954732.697361,0.9313999984264374,,,0.001,1,16,40x40,PrototypicalNetwork,5,5,TKH,b-59-850,False,10,4000,5,exp1_permuted_src_datasets
128,5817.10695318,2.0,1738954732.8931055,,1.0728831512096804e-07,1.0,0.001,1,16,40x40,PrototypicalNetwork,5,5,TKH,b-59-850,False,10,4000,5,exp1_permuted_src_datasets
129,5817.323092692,2.0,1738954733.1092436,,1.51991798702511e-07,1.0,0.001,1,16,40x40,PrototypicalNetwork,5,5,TKH,b-59-850,False,10,4000,5,exp1_permuted_src_datasets
130,5817.526223176,2.0,1738954733.3123367,,1.698731466603931e-07,1.0,0.001,1,16,40x40,PrototypicalNetwork,5,5,TKH,b-59-850,False,10,4000,5,exp1_permuted_src_datasets
131,5817.71286721,2.0,1738954733.4991112,,1.9818530461179762e-07,1.0,0.001,1,16,40x40,PrototypicalNetwork,5,5,TKH,b-59-850,False,10,4000,5,exp1_permuted_src_datasets
132,5817.890676799,2.0,1738954733.6767275,,1.311301218720473e-07,1.0,0.001,1,16,40x40,PrototypicalNetwork,5,5,TKH,b-59-850,False,10,4000,5,exp1_permuted_src_datasets
133,5818.09771296,2.0,1738954733.8839145,,2.562996428423503e-07,1.0,0.001,1,16,40x40,PrototypicalNetwork,5,5,TKH,b-59-850,False,10,4000,5,exp1_permuted_src_datasets
134,5818.312462914,2.0,1738954734.098593,,1.2367959811854234e-07,1.0,0.001,1,16,40x40,PrototypicalNetwork,5,5,TKH,b-59-850,False,10,4000,5,exp1_permuted_src_datasets
135,5818.535509037,2.0,1738954734.3216555,,9.536737621829161e-08,1.0,0.001,1,16,40x40,PrototypicalNetwork,5,5,TKH,b-59-850,False,10,4000,5,exp1_permuted_src_datasets
136,5818.755837679,2.0,1738954734.5419552,,1.3113017871546617e-07,1.0,0.001,1,16,40x40,PrototypicalNetwork,5,5,TKH,b-59-850,False,10,4000,5,exp1_permuted_src_datasets
137,5818.940275618,2.0,1738954734.7264576,,5.66242874810996e-07,1.0,0.001,1,16,40x40,PrototypicalNetwork,5,5,TKH,b-59-850,False,10,4000,5,exp1_permuted_src_datasets
138,5819.18107486,2.0,1738954734.9670928,,3.516666140512825e-07,1.0,0.001,1,16,40x40,PrototypicalNetwork,5,5,TKH,b-59-850,False,10,4000,5,exp1_permuted_src_datasets
139,5819.397066476,2.0,1738954735.1831932,,2.3394802894927125e-07,1.0,0.001,1,16,40x40,PrototypicalNetwork,5,5,TKH,b-59-850,False,10,4000,5,exp1_permuted_src_datasets
140,5819.625489755,2.0,1738954735.411551,,9.53674117454284e-08,1.0,0.001,1,16,40x40,PrototypicalNetwork,5,5,TKH,b-59-850,False,10,4000,5,exp1_permuted_src_datasets
141,5819.840700796,2.0,1738954735.6268795,,9.685753354915505e-08,1.0,0.001,1,16,40x40,PrototypicalNetwork,5,5,TKH,b-59-850,False,10,4000,5,exp1_permuted_src_datasets
142,5820.012274332,2.0,1738954735.798408,,1.0132788474948029e-07,1.0,0.001,1,16,40x40,PrototypicalNetwork,5,5,TKH,b-59-850,False,10,4000,5,exp1_permuted_src_datasets
143,5820.17880737,2.0,1738954735.9649212,,1.534818636628188e-07,1.0,0.001,1,16,40x40,PrototypicalNetwork,5,5,TKH,b-59-850,False,10,4000,5,exp1_permuted_src_datasets
144,5820.349185913,2.0,1738954736.1353376,,2.041457776158495e-07,1.0,0.001,1,16,40x40,PrototypicalNetwork,5,5,TKH,b-59-850,False,10,4000,5,exp1_permuted_src_datasets
145,5820.559686479,2.0,1738954736.3458488,,1.2367959811854234e-07,1.0,0.001,1,16,40x40,PrototypicalNetwork,5,5,TKH,b-59-850,False,10,4000,5,exp1_permuted_src_datasets
146,5820.764562713,2.0,1738954736.550688,,8.195636524988004e-08,1.0,0.001,1,16,40x40,PrototypicalNetwork,5,5,TKH,b-59-850,False,10,4000,5,exp1_permuted_src_datasets
147,5820.99352731,2.0,1738954736.7796779,,2.7269106794847175e-07,1.0,0.001,1,16,40x40,PrototypicalNetwork,5,5,TKH,b-59-850,False,10,4000,5,exp1_permuted_src_datasets
148,5821.250964379,2.0,1738954737.0370908,,1.1175868763757535e-07,1.0,0.001,1,16,40x40,PrototypicalNetwork,5,5,TKH,b-59-850,False,10,4000,5,exp1_permuted_src_datasets
149,5821.466184105,2.0,1738954737.2522368,,1.192092469182171e-07,1.0,0.001,1,16,40x40,PrototypicalNetwork,5,5,TKH,b-59-850,False,10,4000,5,exp1_permuted_src_datasets
150,5821.739443078,2.0,1738954737.5256047,,6.55651035685878e-08,1.0,0.001,1,16,40x40,PrototypicalNetwork,5,5,TKH,b-59-850,False,10,4000,5,exp1_permuted_src_datasets
151,5821.950968622,2.0,1738954737.7371624,,1.2814994931886758e-07,1.0,0.001,1,16,40x40,PrototypicalNetwork,5,5,TKH,b-59-850,False,10,4000,5,exp1_permuted_src_datasets
152,5822.161084268,2.0,1738954737.9472163,,8.04662576570081e-08,1.0,0.001,1,16,40x40,PrototypicalNetwork,5,5,TKH,b-59-850,False,10,4000,5,exp1_permuted_src_datasets
153,5822.38416722,2.0,1738954738.170145,,9.53674117454284e-08,1.0,0.001,1,16,40x40,PrototypicalNetwork,5,5,TKH,b-59-850,False,10,4000,5,exp1_permuted_src_datasets
154,5822.591095299,2.0,1738954738.3772893,,9.536740464000104e-08,1.0,0.001,1,16,40x40,PrototypicalNetwork,5,5,TKH,b-59-850,False,10,4000,5,exp1_permuted_src_datasets
155,5822.844583212,2.0,1738954738.630685,,2.905721885326784e-07,1.0,0.001,1,16,40x40,PrototypicalNetwork,5,5,TKH,b-59-850,False,10,4000,5,exp1_permuted_src_datasets
156,5823.0513254,2.0,1738954738.8374708,,1.9818526197923347e-07,1.0,0.001,1,16,40x40,PrototypicalNetwork,5,5,TKH,b-59-850,False,10,4000,5,exp1_permuted_src_datasets
157,5823.261697318,2.0,1738954739.0477617,,1.0430810704065152e-07,1.0,0.001,1,16,40x40,PrototypicalNetwork,5,5,TKH,b-59-850,False,10,4000,5,exp1_permuted_src_datasets
158,5823.489005584,2.0,1738954739.2750692,,2.3394800052756182e-07,1.0,0.001,1,16,40x40,PrototypicalNetwork,5,5,TKH,b-59-850,False,10,4000,5,exp1_permuted_src_datasets
159,5823.64966671,2.0,1738954739.4357963,,1.7583354861017142e-07,1.0,0.001,1,16,40x40,PrototypicalNetwork,5,5,TKH,b-59-850,False,10,4000,5,exp1_permuted_src_datasets
160,5823.84469907,2.0,1738954739.6307282,,2.667304670467274e-07,1.0,0.001,1,16,40x40,PrototypicalNetwork,5,5,TKH,b-59-850,False,10,4000,5,exp1_permuted_src_datasets
161,5824.033381646,2.0,1738954739.8195682,,3.769989405100205e-07,1.0,0.001,1,16,40x40,PrototypicalNetwork,5,5,TKH,b-59-850,False,10,4000,5,exp1_permuted_src_datasets
162,5824.244189975,2.0,1738954740.0303714,,1.1622902462704587e-07,1.0,0.001,1,16,40x40,PrototypicalNetwork,5,5,TKH,b-59-850,False,10,4000,5,exp1_permuted_src_datasets
163,5824.465429962,2.0,1738954740.251455,,1.1473890992874658e-07,1.0,0.001,1,16,40x40,PrototypicalNetwork,5,5,TKH,b-59-850,False,10,4000,5,exp1_permuted_src_datasets
164,5824.66119393,2.0,1738954740.4470475,,1.9371493920061766e-07,1.0,0.001,1,16,40x40,PrototypicalNetwork,5,5,TKH,b-59-850,False,10,4000,5,exp1_permuted_src_datasets
165,5824.905370918,2.0,1738954740.6915152,,1.5497195704483602e-07,1.0,0.001,1,16,40x40,PrototypicalNetwork,5,5,TKH,b-59-850,False,10,4000,5,exp1_permuted_src_datasets
166,5825.096271547,2.0,1738954740.8824053,,2.5778959411582036e-07,1.0,0.001,1,16,40x40,PrototypicalNetwork,5,5,TKH,b-59-850,False,10,4000,5,exp1_permuted_src_datasets
167,5825.296307224,2.0,1738954741.0824463,,1.3113015029375674e-07,1.0,0.001,1,16,40x40,PrototypicalNetwork,5,5,TKH,b-59-850,False,10,4000,5,exp1_permuted_src_datasets
168,5825.483107839,2.0,1738954741.2692945,,1.8030391402135137e-07,1.0,0.001,1,16,40x40,PrototypicalNetwork,5,5,TKH,b-59-850,False,10,4000,5,exp1_permuted_src_datasets
169,5825.664171572,2.0,1738954741.45033,,7.003545476891304e-08,1.0,0.001,1,16,40x40,PrototypicalNetwork,5,5,TKH,b-59-850,False,10,4000,5,exp1_permuted_src_datasets
170,5825.878365226,2.0,1738954741.664477,,9.238718234882981e-08,1.0,0.001,1,16,40x40,PrototypicalNetwork,5,5,TKH,b-59-850,False,10,4000,5,exp1_permuted_src_datasets
171,5826.070675314,2.0,1738954741.8568194,,1.4454121810558718e-07,1.0,0.001,1,16,40x40,PrototypicalNetwork,5,5,TKH,b-59-850,False,10,4000,5,exp1_permuted_src_datasets
172,5826.278878123,2.0,1738954742.0650663,,8.344647994817933e-08,1.0,0.001,1,16,40x40,PrototypicalNetwork,5,5,TKH,b-59-850,False,10,4000,5,exp1_permuted_src_datasets
173,5826.469838974,2.0,1738954742.2559123,,1.2964008533344895e-07,1.0,0.001,1,16,40x40,PrototypicalNetwork,5,5,TKH,b-59-850,False,10,4000,5,exp1_permuted_src_datasets
174,5826.658302005,2.0,1738954742.4444394,,1.5497201388825488e-07,1.0,0.001,1,16,40x40,PrototypicalNetwork,5,5,TKH,b-59-850,False,10,4000,5,exp1_permuted_src_datasets
175,5826.867639276,2.0,1738954742.6536984,,2.1159637242362805e-07,1.0,0.001,1,16,40x40,PrototypicalNetwork,5,5,TKH,b-59-850,False,10,4000,5,exp1_permuted_src_datasets
176,5827.066220704,2.0,1738954742.8523474,,1.1771912511449045e-07,1.0,0.001,1,16,40x40,PrototypicalNetwork,5,5,TKH,b-59-850,False,10,4000,5,exp1_permuted_src_datasets
177,5827.321805661,2.0,1738954743.1080103,,9.238718234882981e-08,1.0,0.001,1,16,40x40,PrototypicalNetwork,5,5,TKH,b-59-850,False,10,4000,5,exp1_permuted_src_datasets
178,5827.547046116,2.0,1738954743.3331487,,1.2814993510801287e-07,1.0,0.001,1,16,40x40,PrototypicalNetwork,5,5,TKH,b-59-850,False,10,4000,5,exp1_permuted_src_datasets
179,5827.766284466,2.0,1738954743.5524838,,7.003544766348568e-08,1.0,0.001,1,16,40x40,PrototypicalNetwork,5,5,TKH,b-59-850,False,10,4000,5,exp1_permuted_src_datasets
180,5827.994033611,2.0,1738954743.7801685,,1.9818530461179762e-07,1.0,0.001,1,16,40x40,PrototypicalNetwork,5,5,TKH,b-59-850,False,10,4000,5,exp1_permuted_src_datasets
181,5828.184804701,2.0,1738954743.9709518,,1.0728833643725011e-07,1.0,0.001,1,16,40x40,PrototypicalNetwork,5,5,TKH,b-59-850,False,10,4000,5,exp1_permuted_src_datasets
182,5828.404804267,2.0,1738954744.1908522,,8.940695295223122e-08,1.0,0.001,1,16,40x40,PrototypicalNetwork,5,5,TKH,b-59-850,False,10,4000,5,exp1_permuted_src_datasets
183,5828.647821286,2.0,1738954744.4338915,,1.0877842981926733e-07,1.0,0.001,1,16,40x40,PrototypicalNetwork,5,5,TKH,b-59-850,False,10,4000,5,exp1_permuted_src_datasets
184,5828.872998022,2.0,1738954744.659133,,2.786512993679935e-07,1.0,0.001,1,16,40x40,PrototypicalNetwork,5,5,TKH,b-59-850,False,10,4000,5,exp1_permuted_src_datasets
185,5829.104935913,2.0,1738954744.8910208,,1.3411040811206476e-07,1.0,0.001,1,16,40x40,PrototypicalNetwork,5,5,TKH,b-59-850,False,10,4000,5,exp1_permuted_src_datasets
186,5829.337327199,2.0,1738954745.1234822,,1.2814994931886758e-07,1.0,0.001,1,16,40x40,PrototypicalNetwork,5,5,TKH,b-59-850,False,10,4000,5,exp1_permuted_src_datasets
187,5829.596641515,2.0,1738954745.3827972,,8.642670934477792e-08,1.0,0.001,1,16,40x40,PrototypicalNetwork,5,5,TKH,b-59-850,False,10,4000,5,exp1_permuted_src_datasets
188,5829.818935691,2.0,1738954745.6051178,,1.3262025788662868e-07,1.0,0.001,1,16,40x40,PrototypicalNetwork,5,5,TKH,b-59-850,False,10,4000,5,exp1_permuted_src_datasets
189,5830.023015766,2.0,1738954745.8091524,,1.1324880233587464e-07,1.0,0.001,1,16,40x40,PrototypicalNetwork,5,5,TKH,b-59-850,False,10,4000,5,exp1_permuted_src_datasets
190,7944.263784662,2.0,1738956860.0092766,0.929350001335144,,,0.001,1,16,40x40,PrototypicalNetwork,5,5,TKH,b-59-850,False,10,4000,5,exp1_permuted_src_datasets
191,7988.78265211,3.0,1738956904.5689416,,,,0.001,1,16,40x40,PrototypicalNetwork,5,5,TKH,b-59-850,False,10,4000,5,exp1_permuted_src_datasets
192,10041.479696133,3.0,1738958957.2237952,0.9104000008106232,,,0.001,1,16,40x40,PrototypicalNetwork,5,5,TKH,b-59-850,False,10,4000,5,exp1_permuted_src_datasets
193,10041.572768103,3.0,1738958957.3589392,,0.01344214379787445,1.0,0.001,1,16,40x40,PrototypicalNetwork,5,5,TKH,b-59-850,False,10,4000,5,exp1_permuted_src_datasets
194,10041.763445195,3.0,1738958957.5495815,,0.011816056445240974,1.0,0.001,1,16,40x40,PrototypicalNetwork,5,5,TKH,b-59-850,False,10,4000,5,exp1_permuted_src_datasets
195,10041.988865766,3.0,1738958957.7750285,,0.0009232821175828576,1.0,0.001,1,16,40x40,PrototypicalNetwork,5,5,TKH,b-59-850,False,10,4000,5,exp1_permuted_src_datasets
196,10042.172008158,3.0,1738958957.9581637,,0.0006941769970580935,1.0,0.001,1,16,40x40,PrototypicalNetwork,5,5,TKH,b-59-850,False,10,4000,5,exp1_permuted_src_datasets
197,10042.314777722,3.0,1738958958.1010005,,0.0004810888785868883,1.0,0.001,1,16,40x40,PrototypicalNetwork,5,5,TKH,b-59-850,False,10,4000,5,exp1_permuted_src_datasets
198,10042.512411809,3.0,1738958958.298628,,0.00039463810389861465,1.0,0.001,1,16,40x40,PrototypicalNetwork,5,5,TKH,b-59-850,False,10,4000,5,exp1_permuted_src_datasets
199,10042.766393664,3.0,1738958958.5521429,,0.00028088275576010346,1.0,0.001,1,16,40x40,PrototypicalNetwork,5,5,TKH,b-59-850,False,10,4000,5,exp1_permuted_src_datasets
200,10042.984618338,3.0,1738958958.7707677,,0.00018413772340863943,1.0,0.001,1,16,40x40,PrototypicalNetwork,5,5,TKH,b-59-850,False,10,4000,5,exp1_permuted_src_datasets
201,10043.201910513,3.0,1738958958.988079,,0.0002305908565176651,1.0,0.001,1,16,40x40,PrototypicalNetwork,5,5,TKH,b-59-850,False,10,4000,5,exp1_permuted_src_datasets
202,10043.412384944,3.0,1738958959.198624,,9.261499508284032e-05,1.0,0.001,1,16,40x40,PrototypicalNetwork,5,5,TKH,b-59-850,False,10,4000,5,exp1_permuted_src_datasets
203,10043.638778842,3.0,1738958959.4249544,,0.00014161001308821142,1.0,0.001,1,16,40x40,PrototypicalNetwork,5,5,TKH,b-59-850,False,10,4000,5,exp1_permuted_src_datasets
204,10043.849353297,3.0,1738958959.6353922,,0.00014022586401551962,1.0,0.001,1,16,40x40,PrototypicalNetwork,5,5,TKH,b-59-850,False,10,4000,5,exp1_permuted_src_datasets
205,10044.099769535,3.0,1738958959.8859596,,6.0687925724778324e-05,1.0,0.001,1,16,40x40,PrototypicalNetwork,5,5,TKH,b-59-850,False,10,4000,5,exp1_permuted_src_datasets
206,10044.306040522,3.0,1738958960.0922332,,7.315438415389508e-05,1.0,0.001,1,16,40x40,PrototypicalNetwork,5,5,TKH,b-59-850,False,10,4000,5,exp1_permuted_src_datasets
207,10044.481341056,3.0,1738958960.267564,,4.950311267748475e-05,1.0,0.001,1,16,40x40,PrototypicalNetwork,5,5,TKH,b-59-850,False,10,4000,5,exp1_permuted_src_datasets
208,10044.646603251,3.0,1738958960.4327006,,0.00016042182687669992,1.0,0.001,1,16,40x40,PrototypicalNetwork,5,5,TKH,b-59-850,False,10,4000,5,exp1_permuted_src_datasets
209,10044.837469547,3.0,1738958960.623594,,1.8075326806865633e-05,1.0,0.001,1,16,40x40,PrototypicalNetwork,5,5,TKH,b-59-850,False,10,4000,5,exp1_permuted_src_datasets
210,10045.015919205,3.0,1738958960.8020442,,2.953031253127847e-05,1.0,0.001,1,16,40x40,PrototypicalNetwork,5,5,TKH,b-59-850,False,10,4000,5,exp1_permuted_src_datasets
211,10045.194168305,3.0,1738958960.9803505,,1.789071029634215e-05,1.0,0.001,1,16,40x40,PrototypicalNetwork,5,5,TKH,b-59-850,False,10,4000,5,exp1_permuted_src_datasets
212,10045.348183808,3.0,1738958961.134364,,7.337123861361761e-06,1.0,0.001,1,16,40x40,PrototypicalNetwork,5,5,TKH,b-59-850,False,10,4000,5,exp1_permuted_src_datasets
213,10045.576332565,3.0,1738958961.362496,,6.004029273753986e-05,1.0,0.001,1,16,40x40,PrototypicalNetwork,5,5,TKH,b-59-850,False,10,4000,5,exp1_permuted_src_datasets
214,10045.794752016,3.0,1738958961.5809007,,1.009821608022321e-05,1.0,0.001,1,16,40x40,PrototypicalNetwork,5,5,TKH,b-59-850,False,10,4000,5,exp1_permuted_src_datasets
215,10045.991852494,3.0,1738958961.7780404,,2.0984034563298337e-05,1.0,0.001,1,16,40x40,PrototypicalNetwork,5,5,TKH,b-59-850,False,10,4000,5,exp1_permuted_src_datasets
216,10046.212427354,3.0,1738958961.9983711,,2.880154352169484e-05,1.0,0.001,1,16,40x40,PrototypicalNetwork,5,5,TKH,b-59-850,False,10,4000,5,exp1_permuted_src_datasets
217,10046.413415369,3.0,1738958962.1995473,,4.15731810790021e-05,1.0,0.001,1,16,40x40,PrototypicalNetwork,5,5,TKH,b-59-850,False,10,4000,5,exp1_permuted_src_datasets
218,10046.572584873,3.0,1738958962.3587458,,7.822543921065517e-06,1.0,0.001,1,16,40x40,PrototypicalNetwork,5,5,TKH,b-59-850,False,10,4000,5,exp1_permuted_src_datasets
219,10046.788881224,3.0,1738958962.5749931,,1.925726064655464e-05,1.0,0.001,1,16,40x40,PrototypicalNetwork,5,5,TKH,b-59-850,False,10,4000,5,exp1_permuted_src_datasets
220,10046.966388472,3.0,1738958962.7524853,,3.473571632639505e-05,1.0,0.001,1,16,40x40,PrototypicalNetwork,5,5,TKH,b-59-850,False,10,4000,5,exp1_permuted_src_datasets
221,10047.157755779,3.0,1738958962.9439294,,2.8714517611660995e-05,1.0,0.001,1,16,40x40,PrototypicalNetwork,5,5,TKH,b-59-850,False,10,4000,5,exp1_permuted_src_datasets
222,10047.379339121,3.0,1738958963.1655083,,3.152753197355196e-05,1.0,0.001,1,16,40x40,PrototypicalNetwork,5,5,TKH,b-59-850,False,10,4000,5,exp1_permuted_src_datasets
223,10047.585549875,3.0,1738958963.3716629,,1.8210635971627198e-05,1.0,0.001,1,16,40x40,PrototypicalNetwork,5,5,TKH,b-59-850,False,10,4000,5,exp1_permuted_src_datasets
224,10047.822103739,3.0,1738958963.6082873,,1.3995949302625377e-05,1.0,0.001,1,16,40x40,PrototypicalNetwork,5,5,TKH,b-59-850,False,10,4000,5,exp1_permuted_src_datasets
225,10048.082202214,3.0,1738958963.8682978,,4.637103756977012e-06,1.0,0.001,1,16,40x40,PrototypicalNetwork,5,5,TKH,b-59-850,False,10,4000,5,exp1_permuted_src_datasets
226,10048.302031793,3.0,1738958964.0880802,,7.393523901555454e-06,1.0,0.001,1,16,40x40,PrototypicalNetwork,5,5,TKH,b-59-850,False,10,4000,5,exp1_permuted_src_datasets
227,10048.491151356,3.0,1738958964.2773104,,1.3755901818512939e-05,1.0,0.001,1,16,40x40,PrototypicalNetwork,5,5,TKH,b-59-850,False,10,4000,5,exp1_permuted_src_datasets
228,10048.679425293,3.0,1738958964.4655983,,2.5123165414697723e-06,1.0,0.001,1,16,40x40,PrototypicalNetwork,5,5,TKH,b-59-850,False,10,4000,5,exp1_permuted_src_datasets
229,10048.939459788,3.0,1738958964.725553,,1.0509407729841769e-05,1.0,0.001,1,16,40x40,PrototypicalNetwork,5,5,TKH,b-59-850,False,10,4000,5,exp1_permuted_src_datasets
230,10049.189646659,3.0,1738958964.9758437,,1.751462696120143e-05,1.0,0.001,1,16,40x40,PrototypicalNetwork,5,5,TKH,b-59-850,False,10,4000,5,exp1_permuted_src_datasets
231,10049.357128164,3.0,1738958965.143278,,9.11467031983193e-06,1.0,0.001,1,16,40x40,PrototypicalNetwork,5,5,TKH,b-59-850,False,10,4000,5,exp1_permuted_src_datasets
232,10049.543941848,3.0,1738958965.330131,,5.321011030900991e-06,1.0,0.001,1,16,40x40,PrototypicalNetwork,5,5,TKH,b-59-850,False,10,4000,5,exp1_permuted_src_datasets
233,10049.747763108,3.0,1738958965.5338879,,8.150519533955958e-06,1.0,0.001,1,16,40x40,PrototypicalNetwork,5,5,TKH,b-59-850,False,10,4000,5,exp1_permuted_src_datasets
234,10049.982124763,3.0,1738958965.7682734,,8.111729584925342e-06,1.0,0.001,1,16,40x40,PrototypicalNetwork,5,5,TKH,b-59-850,False,10,4000,5,exp1_permuted_src_datasets
235,10050.136588237,3.0,1738958965.9227526,,1.463235639675986e-05,1.0,0.001,1,16,40x40,PrototypicalNetwork,5,5,TKH,b-59-850,False,10,4000,5,exp1_permuted_src_datasets
236,10050.324003417,3.0,1738958966.110269,,1.9305112800793722e-05,1.0,0.001,1,16,40x40,PrototypicalNetwork,5,5,TKH,b-59-850,False,10,4000,5,exp1_permuted_src_datasets
237,10050.503074177,3.0,1738958966.2892718,,4.197499038127717e-06,1.0,0.001,1,16,40x40,PrototypicalNetwork,5,5,TKH,b-59-850,False,10,4000,5,exp1_permuted_src_datasets
238,10050.684325378,3.0,1738958966.4705079,,1.4038798326510005e-05,1.0,0.001,1,16,40x40,PrototypicalNetwork,5,5,TKH,b-59-850,False,10,4000,5,exp1_permuted_src_datasets
239,10050.833374744,3.0,1738958966.619479,,5.514826170838205e-06,1.0,0.001,1,16,40x40,PrototypicalNetwork,5,5,TKH,b-59-850,False,10,4000,5,exp1_permuted_src_datasets
240,10051.059658343,3.0,1738958966.8055127,,1.1756192179745995e-05,1.0,0.001,1,16,40x40,PrototypicalNetwork,5,5,TKH,b-59-850,False,10,4000,5,exp1_permuted_src_datasets
241,10051.174233582,3.0,1738958966.9603965,,5.847002285008784e-06,1.0,0.001,1,16,40x40,PrototypicalNetwork,5,5,TKH,b-59-850,False,10,4000,5,exp1_permuted_src_datasets
242,10051.374970455,3.0,1738958967.1611006,,6.103244231780991e-06,1.0,0.001,1,16,40x40,PrototypicalNetwork,5,5,TKH,b-59-850,False,10,4000,5,exp1_permuted_src_datasets
243,10051.631157813,3.0,1738958967.417227,,5.791961939394241e-06,1.0,0.001,1,16,40x40,PrototypicalNetwork,5,5,TKH,b-59-850,False,10,4000,5,exp1_permuted_src_datasets
244,10051.838209562,3.0,1738958967.6243455,,6.0109437072242144e-06,1.0,0.001,1,16,40x40,PrototypicalNetwork,5,5,TKH,b-59-850,False,10,4000,5,exp1_permuted_src_datasets
245,10052.011028276,3.0,1738958967.797195,,4.982767677574884e-06,1.0,0.001,1,16,40x40,PrototypicalNetwork,5,5,TKH,b-59-850,False,10,4000,5,exp1_permuted_src_datasets
246,10052.18775795,3.0,1738958967.9739852,,3.640247768998961e-06,1.0,0.001,1,16,40x40,PrototypicalNetwork,5,5,TKH,b-59-850,False,10,4000,5,exp1_permuted_src_datasets
247,10052.384593764,3.0,1738958968.1707904,,3.1932831916492432e-06,1.0,0.001,1,16,40x40,PrototypicalNetwork,5,5,TKH,b-59-850,False,10,4000,5,exp1_permuted_src_datasets
248,10052.572690066,3.0,1738958968.3589087,,2.3275488274521194e-06,1.0,0.001,1,16,40x40,PrototypicalNetwork,5,5,TKH,b-59-850,False,10,4000,5,exp1_permuted_src_datasets
249,10052.765370683,3.0,1738958968.5515099,,3.445090897002956e-06,1.0,0.001,1,16,40x40,PrototypicalNetwork,5,5,TKH,b-59-850,False,10,4000,5,exp1_permuted_src_datasets
250,10052.910941537,3.0,1738958968.697192,,3.559827291610418e-06,1.0,0.001,1,16,40x40,PrototypicalNetwork,5,5,TKH,b-59-850,False,10,4000,5,exp1_permuted_src_datasets
251,10053.053285004,3.0,1738958968.8394008,,3.77292963094078e-06,1.0,0.001,1,16,40x40,PrototypicalNetwork,5,5,TKH,b-59-850,False,10,4000,5,exp1_permuted_src_datasets
252,10053.282916167,3.0,1738958969.0691264,,3.187324637110578e-06,1.0,0.001,1,16,40x40,PrototypicalNetwork,5,5,TKH,b-59-850,False,10,4000,5,exp1_permuted_src_datasets
253,10053.487687502,3.0,1738958969.2738767,,4.0649474613019265e-06,1.0,0.001,1,16,40x40,PrototypicalNetwork,5,5,TKH,b-59-850,False,10,4000,5,exp1_permuted_src_datasets
254,10053.664243584,3.0,1738958969.4504223,,6.700813628413016e-06,1.0,0.001,1,16,40x40,PrototypicalNetwork,5,5,TKH,b-59-850,False,10,4000,5,exp1_permuted_src_datasets
255,12044.911728194,3.0,1738960960.656552,0.9216999983787537,,,0.001,1,16,40x40,PrototypicalNetwork,5,5,TKH,b-59-850,False,10,4000,5,exp1_permuted_src_datasets
256,12045.014877766,3.0,1738960960.8010097,,3.78182994609233e-06,1.0,0.001,1,16,40x40,PrototypicalNetwork,5,5,TKH,b-59-850,False,10,4000,5,exp1_permuted_src_datasets
257,12045.23689165,3.0,1738960961.023087,,1.88796525435464e-06,1.0,0.001,1,16,40x40,PrototypicalNetwork,5,5,TKH,b-59-850,False,10,4000,5,exp1_permuted_src_datasets
258,12045.448495663,3.0,1738960961.23469,,4.865031769440975e-06,1.0,0.001,1,16,40x40,PrototypicalNetwork,5,5,TKH,b-59-850,False,10,4000,5,exp1_permuted_src_datasets
259,12045.706275469,3.0,1738960961.4923685,,4.09175800086814e-06,1.0,0.001,1,16,40x40,PrototypicalNetwork,5,5,TKH,b-59-850,False,10,4000,5,exp1_permuted_src_datasets
260,12045.935435683,3.0,1738960961.7216206,,6.320695774775231e-06,1.0,0.001,1,16,40x40,PrototypicalNetwork,5,5,TKH,b-59-850,False,10,4000,5,exp1_permuted_src_datasets
261,12046.13795403,3.0,1738960961.9240813,,4.112617261853302e-06,1.0,0.001,1,16,40x40,PrototypicalNetwork,5,5,TKH,b-59-850,False,10,4000,5,exp1_permuted_src_datasets
262,12046.28634108,3.0,1738960962.07236,,5.8440941756998654e-06,1.0,0.001,1,16,40x40,PrototypicalNetwork,5,5,TKH,b-59-850,False,10,4000,5,exp1_permuted_src_datasets
263,12046.508397006,3.0,1738960962.2945325,,3.1366580515168607e-06,1.0,0.001,1,16,40x40,PrototypicalNetwork,5,5,TKH,b-59-850,False,10,4000,5,exp1_permuted_src_datasets
264,12046.699650799,3.0,1738960962.4855828,,1.879024921436212e-06,1.0,0.001,1,16,40x40,PrototypicalNetwork,5,5,TKH,b-59-850,False,10,4000,5,exp1_permuted_src_datasets
265,12046.882384221,3.0,1738960962.6684508,,2.6628115392668406e-06,1.0,0.001,1,16,40x40,PrototypicalNetwork,5,5,TKH,b-59-850,False,10,4000,5,exp1_permuted_src_datasets
266,12047.037344801,3.0,1738960962.8235385,,3.0368194074981147e-06,1.0,0.001,1,16,40x40,PrototypicalNetwork,5,5,TKH,b-59-850,False,10,4000,5,exp1_permuted_src_datasets
267,12047.233740972,3.0,1738960963.0199156,,3.4793902159435675e-06,1.0,0.001,1,16,40x40,PrototypicalNetwork,5,5,TKH,b-59-850,False,10,4000,5,exp1_permuted_src_datasets
268,12047.426985088,3.0,1738960963.213148,,2.691129338927567e-06,1.0,0.001,1,16,40x40,PrototypicalNetwork,5,5,TKH,b-59-850,False,10,4000,5,exp1_permuted_src_datasets
269,12047.612182365,3.0,1738960963.3983796,,2.6449297365616076e-06,1.0,0.001,1,16,40x40,PrototypicalNetwork,5,5,TKH,b-59-850,False,10,4000,5,exp1_permuted_src_datasets
270,12047.773887269,3.0,1738960963.5600622,,3.3244164114876185e-06,1.0,0.001,1,16,40x40,PrototypicalNetwork,5,5,TKH,b-59-850,False,10,4000,5,exp1_permuted_src_datasets
271,12047.927490955,3.0,1738960963.7136662,,2.257511596326367e-06,1.0,0.001,1,16,40x40,PrototypicalNetwork,5,5,TKH,b-59-850,False,10,4000,5,exp1_permuted_src_datasets
272,12048.108043317,3.0,1738960963.8942447,,6.25958273303695e-06,1.0,0.001,1,16,40x40,PrototypicalNetwork,5,5,TKH,b-59-850,False,10,4000,5,exp1_permuted_src_datasets
273,12048.274579712,3.0,1738960964.0607944,,1.2621226233022753e-06,1.0,0.001,1,16,40x40,PrototypicalNetwork,5,5,TKH,b-59-850,False,10,4000,5,exp1_permuted_src_datasets
274,12048.461184132,3.0,1738960964.247317,,2.682171952983481e-06,1.0,0.001,1,16,40x40,PrototypicalNetwork,5,5,TKH,b-59-850,False,10,4000,5,exp1_permuted_src_datasets
275,12048.655914986,3.0,1738960964.442066,,2.19045250560157e-06,1.0,0.001,1,16,40x40,PrototypicalNetwork,5,5,TKH,b-59-850,False,10,4000,5,exp1_permuted_src_datasets
276,12048.85741219,3.0,1738960964.643563,,2.8133042633271543e-06,1.0,0.001,1,16,40x40,PrototypicalNetwork,5,5,TKH,b-59-850,False,10,4000,5,exp1_permuted_src_datasets
277,12049.036196005,3.0,1738960964.8220649,,2.699031392694451e-05,1.0,0.001,1,16,40x40,PrototypicalNetwork,5,5,TKH,b-59-850,False,10,4000,5,exp1_permuted_src_datasets
278,12049.206811546,3.0,1738960964.9929771,,1.272554413844773e-06,1.0,0.001,1,16,40x40,PrototypicalNetwork,5,5,TKH,b-59-850,False,10,4000,5,exp1_permuted_src_datasets
279,12049.355830247,3.0,1738960965.1419525,,4.085829914401984e-06,1.0,0.001,1,16,40x40,PrototypicalNetwork,5,5,TKH,b-59-850,False,10,4000,5,exp1_permuted_src_datasets
280,12049.531998456,3.0,1738960965.318161,,4.750282641907688e-06,1.0,0.001,1,16,40x40,PrototypicalNetwork,5,5,TKH,b-59-850,False,10,4000,5,exp1_permuted_src_datasets
281,12049.725200408,3.0,1738960965.5112834,,3.4153140404669102e-06,1.0,0.001,1,16,40x40,PrototypicalNetwork,5,5,TKH,b-59-850,False,10,4000,5,exp1_permuted_src_datasets
282,12049.910925264,3.0,1738960965.6970603,,3.2603409181319876e-06,1.0,0.001,1,16,40x40,PrototypicalNetwork,5,5,TKH,b-59-850,False,10,4000,5,exp1_permuted_src_datasets
283,12050.077432765,3.0,1738960965.8635063,,1.364942136206082e-06,1.0,0.001,1,16,40x40,PrototypicalNetwork,5,5,TKH,b-59-850,False,10,4000,5,exp1_permuted_src_datasets
284,12050.272644122,3.0,1738960966.0587523,,3.5791642858384876e-06,1.0,0.001,1,16,40x40,PrototypicalNetwork,5,5,TKH,b-59-850,False,10,4000,5,exp1_permuted_src_datasets
285,12050.484905323,3.0,1738960966.27104,,7.962835297803394e-06,1.0,0.001,1,16,40x40,PrototypicalNetwork,5,5,TKH,b-59-850,False,10,4000,5,exp1_permuted_src_datasets
286,12050.728063865,3.0,1738960966.514188,,5.745768703491194e-06,1.0,0.001,1,16,40x40,PrototypicalNetwork,5,5,TKH,b-59-850,False,10,4000,5,exp1_permuted_src_datasets
287,12050.94966923,3.0,1738960966.735724,,3.0934384085412603e-06,1.0,0.001,1,16,40x40,PrototypicalNetwork,5,5,TKH,b-59-850,False,10,4000,5,exp1_permuted_src_datasets
288,12051.163111194,3.0,1738960966.9492812,,1.4871251323711476e-06,1.0,0.001,1,16,40x40,PrototypicalNetwork,5,5,TKH,b-59-850,False,10,4000,5,exp1_permuted_src_datasets
289,12051.342536733,3.0,1738960967.1286438,,2.399075356152025e-06,1.0,0.001,1,16,40x40,PrototypicalNetwork,5,5,TKH,b-59-850,False,10,4000,5,exp1_permuted_src_datasets
290,12051.592402664,3.0,1738960967.3785925,,3.860854121739976e-06,1.0,0.001,1,16,40x40,PrototypicalNetwork,5,5,TKH,b-59-850,False,10,4000,5,exp1_permuted_src_datasets
291,12051.799632352,3.0,1738960967.5856934,,2.1830021523783216e-06,1.0,0.001,1,16,40x40,PrototypicalNetwork,5,5,TKH,b-59-850,False,10,4000,5,exp1_permuted_src_datasets
292,12051.991426909,3.0,1738960967.7775297,,2.306681608388317e-06,1.0,0.001,1,16,40x40,PrototypicalNetwork,5,5,TKH,b-59-850,False,10,4000,5,exp1_permuted_src_datasets
293,12052.163774673,3.0,1738960967.9498734,,5.230208898865385e-06,1.0,0.001,1,16,40x40,PrototypicalNetwork,5,5,TKH,b-59-850,False,10,4000,5,exp1_permuted_src_datasets
294,12052.394224402,3.0,1738960968.1803052,,3.564280632417649e-06,1.0,0.001,1,16,40x40,PrototypicalNetwork,5,5,TKH,b-59-850,False,10,4000,5,exp1_permuted_src_datasets
295,12052.612118342,3.0,1738960968.3982394,,6.746896360709798e-06,1.0,0.001,1,16,40x40,PrototypicalNetwork,5,5,TKH,b-59-850,False,10,4000,5,exp1_permuted_src_datasets
296,12052.896474984,3.0,1738960968.682622,,2.500394430171582e-06,1.0,0.001,1,16,40x40,PrototypicalNetwork,5,5,TKH,b-59-850,False,10,4000,5,exp1_permuted_src_datasets
297,12053.069452747,3.0,1738960968.8557055,,1.0997018762282096e-06,1.0,0.001,1,16,40x40,PrototypicalNetwork,5,5,TKH,b-59-850,False,10,4000,5,exp1_permuted_src_datasets
298,12053.238671787,3.0,1738960969.0248852,,3.874104550050106e-06,1.0,0.001,1,16,40x40,PrototypicalNetwork,5,5,TKH,b-59-850,False,10,4000,5,exp1_permuted_src_datasets
299,12053.456997818,3.0,1738960969.2431188,,1.1593068620641134e-06,1.0,0.001,1,16,40x40,PrototypicalNetwork,5,5,TKH,b-59-850,False,10,4000,5,exp1_permuted_src_datasets
300,12053.642747383,3.0,1738960969.4289327,,3.3407875434932066e-06,1.0,0.001,1,16,40x40,PrototypicalNetwork,5,5,TKH,b-59-850,False,10,4000,5,exp1_permuted_src_datasets
301,12053.801975673,3.0,1738960969.5881388,,2.4422843125648797e-06,1.0,0.001,1,16,40x40,PrototypicalNetwork,5,5,TKH,b-59-850,False,10,4000,5,exp1_permuted_src_datasets
302,12054.049282202,3.0,1738960969.8354135,,2.568925765444874e-06,1.0,0.001,1,16,40x40,PrototypicalNetwork,5,5,TKH,b-59-850,False,10,4000,5,exp1_permuted_src_datasets
303,12054.192438276,3.0,1738960969.978615,,3.0219152904464863e-06,1.0,0.001,1,16,40x40,PrototypicalNetwork,5,5,TKH,b-59-850,False,10,4000,5,exp1_permuted_src_datasets
304,12054.414756782,3.0,1738960970.2008307,,1.9103119939245516e-06,1.0,0.001,1,16,40x40,PrototypicalNetwork,5,5,TKH,b-59-850,False,10,4000,5,exp1_permuted_src_datasets
305,12054.610926992,3.0,1738960970.397074,,1.0982124649672187e-06,1.0,0.001,1,16,40x40,PrototypicalNetwork,5,5,TKH,b-59-850,False,10,4000,5,exp1_permuted_src_datasets
306,12054.824471985,3.0,1738960970.6106455,,1.7151123756775633e-06,1.0,0.001,1,16,40x40,PrototypicalNetwork,5,5,TKH,b-59-850,False,10,4000,5,exp1_permuted_src_datasets
307,12055.031895119,3.0,1738960970.8180974,,7.064404144330183e-06,1.0,0.001,1,16,40x40,PrototypicalNetwork,5,5,TKH,b-59-850,False,10,4000,5,exp1_permuted_src_datasets
308,12055.288489559,3.0,1738960971.0746071,,1.3574906461144565e-06,1.0,0.001,1,16,40x40,PrototypicalNetwork,5,5,TKH,b-59-850,False,10,4000,5,exp1_permuted_src_datasets
309,12055.467732293,3.0,1738960971.2539392,,3.933781954401638e-06,1.0,0.001,1,16,40x40,PrototypicalNetwork,5,5,TKH,b-59-850,False,10,4000,5,exp1_permuted_src_datasets
310,12055.654866047,3.0,1738960971.4410217,,1.4454053598456085e-06,1.0,0.001,1,16,40x40,PrototypicalNetwork,5,5,TKH,b-59-850,False,10,4000,5,exp1_permuted_src_datasets
311,12055.836364847,3.0,1738960971.6225364,,1.5407724731630879e-06,1.0,0.001,1,16,40x40,PrototypicalNetwork,5,5,TKH,b-59-850,False,10,4000,5,exp1_permuted_src_datasets
312,12056.039877554,3.0,1738960971.8260798,,1.42752583087713e-06,1.0,0.001,1,16,40x40,PrototypicalNetwork,5,5,TKH,b-59-850,False,10,4000,5,exp1_permuted_src_datasets
313,12056.21570319,3.0,1738960972.001771,,1.3038455790592707e-06,1.0,0.001,1,16,40x40,PrototypicalNetwork,5,5,TKH,b-59-850,False,10,4000,5,exp1_permuted_src_datasets
314,12056.38729103,3.0,1738960972.1734006,,1.1950694442930399e-06,1.0,0.001,1,16,40x40,PrototypicalNetwork,5,5,TKH,b-59-850,False,10,4000,5,exp1_permuted_src_datasets
315,12056.57020585,3.0,1738960972.356335,,1.33364869725483e-06,1.0,0.001,1,16,40x40,PrototypicalNetwork,5,5,TKH,b-59-850,False,10,4000,5,exp1_permuted_src_datasets
316,12056.729588764,3.0,1738960972.515831,,1.797032155081979e-06,1.0,0.001,1,16,40x40,PrototypicalNetwork,5,5,TKH,b-59-850,False,10,4000,5,exp1_permuted_src_datasets
317,12056.924230753,3.0,1738960972.7102137,,3.872588877129601e-06,1.0,0.001,1,16,40x40,PrototypicalNetwork,5,5,TKH,b-59-850,False,10,4000,5,exp1_permuted_src_datasets
318,14077.383617414,3.0,1738962993.1699488,0.926349999666214,,,0.001,1,16,40x40,PrototypicalNetwork,5,5,TKH,b-59-850,False,10,4000,5,exp1_permuted_src_datasets
319,14077.618752494,3.0,1738962993.4048972,,1.74640058503428e-06,1.0,0.001,1,16,40x40,PrototypicalNetwork,5,5,TKH,b-59-850,False,10,4000,5,exp1_permuted_src_datasets
320,14077.845671477,3.0,1738962993.6318543,,1.4617969554819865e-06,1.0,0.001,1,16,40x40,PrototypicalNetwork,5,5,TKH,b-59-850,False,10,4000,5,exp1_permuted_src_datasets
321,14078.048951582,3.0,1738962993.835095,,5.9527383200475015e-06,1.0,0.001,1,16,40x40,PrototypicalNetwork,5,5,TKH,b-59-850,False,10,4000,5,exp1_permuted_src_datasets
322,14078.250541531,3.0,1738962994.0366838,,1.975865188796888e-06,1.0,0.001,1,16,40x40,PrototypicalNetwork,5,5,TKH,b-59-850,False,10,4000,5,exp1_permuted_src_datasets
323,14078.454738969,3.0,1738962994.2408469,,2.551051238697255e-06,1.0,0.001,1,16,40x40,PrototypicalNetwork,5,5,TKH,b-59-850,False,10,4000,5,exp1_permuted_src_datasets
324,14078.673075997,3.0,1738962994.459235,,7.67407868806913e-07,1.0,0.001,1,16,40x40,PrototypicalNetwork,5,5,TKH,b-59-850,False,10,4000,5,exp1_permuted_src_datasets
325,14078.837691716,3.0,1738962994.6238012,,1.8581602034828393e-06,1.0,0.001,1,16,40x40,PrototypicalNetwork,5,5,TKH,b-59-850,False,10,4000,5,exp1_permuted_src_datasets
326,14079.062775123,3.0,1738962994.848907,,2.521245050957077e-06,1.0,0.001,1,16,40x40,PrototypicalNetwork,5,5,TKH,b-59-850,False,10,4000,5,exp1_permuted_src_datasets
327,14079.271750306,3.0,1738962995.0579174,,1.5526920833508484e-06,1.0,0.001,1,16,40x40,PrototypicalNetwork,5,5,TKH,b-59-850,False,10,4000,5,exp1_permuted_src_datasets
328,14079.471062205,3.0,1738962995.257274,,1.5228929441946093e-06,1.0,0.001,1,16,40x40,PrototypicalNetwork,5,5,TKH,b-59-850,False,10,4000,5,exp1_permuted_src_datasets
329,14079.642521552,3.0,1738962995.428674,,5.333038188837236e-06,1.0,0.001,1,16,40x40,PrototypicalNetwork,5,5,TKH,b-59-850,False,10,4000,5,exp1_permuted_src_datasets
330,14079.871224306,3.0,1738962995.6572888,,2.8430936254153494e-06,1.0,0.001,1,16,40x40,PrototypicalNetwork,5,5,TKH,b-59-850,False,10,4000,5,exp1_permuted_src_datasets
331,14080.167008898,3.0,1738962995.9531486,,1.6197458307942725e-06,1.0,0.001,1,16,40x40,PrototypicalNetwork,5,5,TKH,b-59-850,False,10,4000,5,exp1_permuted_src_datasets
332,14080.421665627,3.0,1738962996.2077868,,1.7791893469620845e-06,1.0,0.001,1,16,40x40,PrototypicalNetwork,5,5,TKH,b-59-850,False,10,4000,5,exp1_permuted_src_datasets
333,14080.642833776,3.0,1738962996.428965,,1.212950337503571e-06,1.0,0.001,1,16,40x40,PrototypicalNetwork,5,5,TKH,b-59-850,False,10,4000,5,exp1_permuted_src_datasets
334,14080.828729574,3.0,1738962996.6149242,,1.1309948604321107e-06,1.0,0.001,1,16,40x40,PrototypicalNetwork,5,5,TKH,b-59-850,False,10,4000,5,exp1_permuted_src_datasets
335,14081.035095345,3.0,1738962996.8212707,,1.3083157455184846e-06,1.0,0.001,1,16,40x40,PrototypicalNetwork,5,5,TKH,b-59-850,False,10,4000,5,exp1_permuted_src_datasets
336,14081.226567347,3.0,1738962997.0124407,,2.6240695660817437e-06,1.0,0.001,1,16,40x40,PrototypicalNetwork,5,5,TKH,b-59-850,False,10,4000,5,exp1_permuted_src_datasets
337,14081.48658997,3.0,1738962997.2726777,,1.5526923107245238e-06,1.0,0.001,1,16,40x40,PrototypicalNetwork,5,5,TKH,b-59-850,False,10,4000,5,exp1_permuted_src_datasets
338,14081.683945122,3.0,1738962997.4701054,,1.1175817462572013e-06,1.0,0.001,1,16,40x40,PrototypicalNetwork,5,5,TKH,b-59-850,False,10,4000,5,exp1_permuted_src_datasets
339,14081.906703442,3.0,1738962997.6928148,,3.442125944275176e-06,1.0,0.001,1,16,40x40,PrototypicalNetwork,5,5,TKH,b-59-850,False,10,4000,5,exp1_permuted_src_datasets
340,14082.134077742,3.0,1738962997.9202194,,1.4692443528474541e-06,1.0,0.001,1,16,40x40,PrototypicalNetwork,5,5,TKH,b-59-850,False,10,4000,5,exp1_permuted_src_datasets
341,14082.323896509,3.0,1738962998.1100419,,2.1517107597901486e-06,1.0,0.001,1,16,40x40,PrototypicalNetwork,5,5,TKH,b-59-850,False,10,4000,5,exp1_permuted_src_datasets
342,14082.50367708,3.0,1738962998.2898095,,1.1041654488508357e-06,1.0,0.001,1,16,40x40,PrototypicalNetwork,5,5,TKH,b-59-850,False,10,4000,5,exp1_permuted_src_datasets
343,14082.724900859,3.0,1738962998.5110037,,9.551625907988637e-07,1.0,0.001,1,16,40x40,PrototypicalNetwork,5,5,TKH,b-59-850,False,10,4000,5,exp1_permuted_src_datasets
344,14082.972951427,3.0,1738962998.7590926,,2.9474040275090374e-06,1.0,0.001,1,16,40x40,PrototypicalNetwork,5,5,TKH,b-59-850,False,10,4000,5,exp1_permuted_src_datasets
345,14083.208971007,3.0,1738962998.9950867,,2.5733788788784295e-06,1.0,0.001,1,16,40x40,PrototypicalNetwork,5,5,TKH,b-59-850,False,10,4000,5,exp1_permuted_src_datasets
346,14083.459100272,3.0,1738962999.2452068,,7.366762474703137e-06,1.0,0.001,1,16,40x40,PrototypicalNetwork,5,5,TKH,b-59-850,False,10,4000,5,exp1_permuted_src_datasets
347,14083.623113553,3.0,1738962999.4092734,,1.7985496469918871e-06,1.0,0.001,1,16,40x40,PrototypicalNetwork,5,5,TKH,b-59-850,False,10,4000,5,exp1_permuted_src_datasets
348,14083.847992027,3.0,1738962999.634076,,1.2904340565000894e-06,1.0,0.001,1,16,40x40,PrototypicalNetwork,5,5,TKH,b-59-850,False,10,4000,5,exp1_permuted_src_datasets
349,14084.066955506,3.0,1738962999.8530552,,1.7508721157355467e-06,1.0,0.001,1,16,40x40,PrototypicalNetwork,5,5,TKH,b-59-850,False,10,4000,5,exp1_permuted_src_datasets
350,14084.28566294,3.0,1738963000.0717638,,1.2829850675188936e-06,1.0,0.001,1,16,40x40,PrototypicalNetwork,5,5,TKH,b-59-850,False,10,4000,5,exp1_permuted_src_datasets
351,14084.522941928,3.0,1738963000.3089583,,1.6704109384590993e-06,1.0,0.001,1,16,40x40,PrototypicalNetwork,5,5,TKH,b-59-850,False,10,4000,5,exp1_permuted_src_datasets
352,14084.714852274,3.0,1738963000.5009274,,2.323076842003502e-06,1.0,0.001,1,16,40x40,PrototypicalNetwork,5,5,TKH,b-59-850,False,10,4000,5,exp1_permuted_src_datasets
353,14084.934230539,3.0,1738963000.7203352,,2.7432802198745776e-06,1.0,0.001,1,16,40x40,PrototypicalNetwork,5,5,TKH,b-59-850,False,10,4000,5,exp1_permuted_src_datasets
354,14085.170479899,3.0,1738963000.9565773,,8.09131790902029e-07,1.0,0.001,1,16,40x40,PrototypicalNetwork,5,5,TKH,b-59-850,False,10,4000,5,exp1_permuted_src_datasets
355,14085.395178392,3.0,1738963001.1813245,,2.3722354853816796e-06,1.0,0.001,1,16,40x40,PrototypicalNetwork,5,5,TKH,b-59-850,False,10,4000,5,exp1_permuted_src_datasets
356,14085.609013216,3.0,1738963001.3951204,,2.3901206986920442e-06,1.0,0.001,1,16,40x40,PrototypicalNetwork,5,5,TKH,b-59-850,False,10,4000,5,exp1_permuted_src_datasets
357,14085.800987003,3.0,1738963001.5870855,,1.1339748198224697e-06,1.0,0.001,1,16,40x40,PrototypicalNetwork,5,5,TKH,b-59-850,False,10,4000,5,exp1_permuted_src_datasets
358,14086.032783793,3.0,1738963001.818966,,9.596262771083275e-07,1.0,0.001,1,16,40x40,PrototypicalNetwork,5,5,TKH,b-59-850,False,10,4000,5,exp1_permuted_src_datasets
359,14086.323184136,3.0,1738963002.1092033,,2.008653382290504e-06,1.0,0.001,1,16,40x40,PrototypicalNetwork,5,5,TKH,b-59-850,False,10,4000,5,exp1_permuted_src_datasets
360,14086.504824949,3.0,1738963002.2908456,,3.322900283819763e-06,1.0,0.001,1,16,40x40,PrototypicalNetwork,5,5,TKH,b-59-850,False,10,4000,5,exp1_permuted_src_datasets
361,14086.683611239,3.0,1738963002.4696078,,1.0326464234822197e-06,1.0,0.001,1,16,40x40,PrototypicalNetwork,5,5,TKH,b-59-850,False,10,4000,5,exp1_permuted_src_datasets
362,14086.907370828,3.0,1738963002.6934023,,7.39096435609099e-07,1.0,0.001,1,16,40x40,PrototypicalNetwork,5,5,TKH,b-59-850,False,10,4000,5,exp1_permuted_src_datasets
363,14087.102767122,3.0,1738963002.8888245,,1.6435878933407366e-06,1.0,0.001,1,16,40x40,PrototypicalNetwork,5,5,TKH,b-59-850,False,10,4000,5,exp1_permuted_src_datasets
364,14087.296295084,3.0,1738963003.0823865,,1.9162773696734803e-06,1.0,0.001,1,16,40x40,PrototypicalNetwork,5,5,TKH,b-59-850,False,10,4000,5,exp1_permuted_src_datasets
365,14087.451931182,3.0,1738963003.2380376,,1.6778634517322644e-06,1.0,0.001,1,16,40x40,PrototypicalNetwork,5,5,TKH,b-59-850,False,10,4000,5,exp1_permuted_src_datasets
366,14087.656802409,3.0,1738963003.442835,,3.352704425196862e-06,1.0,0.001,1,16,40x40,PrototypicalNetwork,5,5,TKH,b-59-850,False,10,4000,5,exp1_permuted_src_datasets
367,14087.869450502,3.0,1738963003.6554193,,1.950549176399363e-06,1.0,0.001,1,16,40x40,PrototypicalNetwork,5,5,TKH,b-59-850,False,10,4000,5,exp1_permuted_src_datasets
368,14088.07298531,3.0,1738963003.858982,,5.766735853285354e-07,1.0,0.001,1,16,40x40,PrototypicalNetwork,5,5,TKH,b-59-850,False,10,4000,5,exp1_permuted_src_datasets
369,14088.317572094,3.0,1738963004.1034908,,3.345151299072313e-06,1.0,0.001,1,16,40x40,PrototypicalNetwork,5,5,TKH,b-59-850,False,10,4000,5,exp1_permuted_src_datasets
370,14088.522864935,3.0,1738963004.3090332,,9.357901262774249e-07,1.0,0.001,1,16,40x40,PrototypicalNetwork,5,5,TKH,b-59-850,False,10,4000,5,exp1_permuted_src_datasets
371,14088.723705065,3.0,1738963004.5098536,,2.1859425487491535e-06,1.0,0.001,1,16,40x40,PrototypicalNetwork,5,5,TKH,b-59-850,False,10,4000,5,exp1_permuted_src_datasets
372,14088.900909424,3.0,1738963004.6870599,,5.694928404409438e-06,1.0,0.001,1,16,40x40,PrototypicalNetwork,5,5,TKH,b-59-850,False,10,4000,5,exp1_permuted_src_datasets
373,14089.04483113,3.0,1738963004.8310316,,2.138298896170454e-06,1.0,0.001,1,16,40x40,PrototypicalNetwork,5,5,TKH,b-59-850,False,10,4000,5,exp1_permuted_src_datasets
374,14089.294936653,3.0,1738963005.0810497,,1.1920883480343036e-06,1.0,0.001,1,16,40x40,PrototypicalNetwork,5,5,TKH,b-59-850,False,10,4000,5,exp1_permuted_src_datasets
375,14089.591799394,3.0,1738963005.3780274,,1.3157651892470312e-06,1.0,0.001,1,16,40x40,PrototypicalNetwork,5,5,TKH,b-59-850,False,10,4000,5,exp1_permuted_src_datasets
376,14089.761994668,3.0,1738963005.5481348,,1.2203981896163896e-06,1.0,0.001,1,16,40x40,PrototypicalNetwork,5,5,TKH,b-59-850,False,10,4000,5,exp1_permuted_src_datasets
377,14089.920674631,3.0,1738963005.706793,,1.399208599650592e-06,1.0,0.001,1,16,40x40,PrototypicalNetwork,5,5,TKH,b-59-850,False,10,4000,5,exp1_permuted_src_datasets
378,14090.124012385,3.0,1738963005.9101605,,1.1056602033931995e-06,1.0,0.001,1,16,40x40,PrototypicalNetwork,5,5,TKH,b-59-850,False,10,4000,5,exp1_permuted_src_datasets
379,14090.308550474,3.0,1738963006.0947394,,1.5497080312343314e-06,1.0,0.001,1,16,40x40,PrototypicalNetwork,5,5,TKH,b-59-850,False,10,4000,5,exp1_permuted_src_datasets
380,14090.535569572,3.0,1738963006.3215418,,9.939033134287456e-07,1.0,0.001,1,16,40x40,PrototypicalNetwork,5,5,TKH,b-59-850,False,10,4000,5,exp1_permuted_src_datasets
381,16087.87746894,3.0,1738965003.6638515,0.9259500005245209,,,0.001,1,16,40x40,PrototypicalNetwork,5,5,TKH,b-59-850,False,10,4000,5,exp1_permuted_src_datasets
382,16125.743680996,4.0,1738965041.489643,,,,0.001,1,16,40x40,PrototypicalNetwork,5,5,TKH,b-59-850,False,10,4000,5,exp1_permuted_src_datasets
383,18213.283673379,4.0,1738967129.0295901,0.9105499997138977,,,0.001,1,16,40x40,PrototypicalNetwork,5,5,TKH,b-59-850,False,10,4000,5,exp1_permuted_src_datasets
384,18213.413565309,4.0,1738967129.199666,,0.009570503607392311,1.0,0.001,1,16,40x40,PrototypicalNetwork,5,5,TKH,b-59-850,False,10,4000,5,exp1_permuted_src_datasets
385,18213.589914506,4.0,1738967129.3761218,,0.004624657798558474,1.0,0.001,1,16,40x40,PrototypicalNetwork,5,5,TKH,b-59-850,False,10,4000,5,exp1_permuted_src_datasets
386,18213.805527237,4.0,1738967129.5916555,,0.0008867474389262497,1.0,0.001,1,16,40x40,PrototypicalNetwork,5,5,TKH,b-59-850,False,10,4000,5,exp1_permuted_src_datasets
387,18213.977833043,4.0,1738967129.7640347,,0.0006331651820801198,1.0,0.001,1,16,40x40,PrototypicalNetwork,5,5,TKH,b-59-850,False,10,4000,5,exp1_permuted_src_datasets
388,18214.144146627,4.0,1738967129.9303095,,0.0004634331853594631,1.0,0.001,1,16,40x40,PrototypicalNetwork,5,5,TKH,b-59-850,False,10,4000,5,exp1_permuted_src_datasets
389,18214.289534189,4.0,1738967130.0756686,,0.0004005041846539825,1.0,0.001,1,16,40x40,PrototypicalNetwork,5,5,TKH,b-59-850,False,10,4000,5,exp1_permuted_src_datasets
390,18214.476502864,4.0,1738967130.2625847,,0.00033758109202608466,1.0,0.001,1,16,40x40,PrototypicalNetwork,5,5,TKH,b-59-850,False,10,4000,5,exp1_permuted_src_datasets
391,18214.643980609,4.0,1738967130.4300208,,5.915701694902964e-05,1.0,0.001,1,16,40x40,PrototypicalNetwork,5,5,TKH,b-59-850,False,10,4000,5,exp1_permuted_src_datasets
392,18214.815477887,4.0,1738967130.6016662,,0.00010238135291729122,1.0,0.001,1,16,40x40,PrototypicalNetwork,5,5,TKH,b-59-850,False,10,4000,5,exp1_permuted_src_datasets
393,18215.007202891,4.0,1738967130.7932699,,5.6736265833023936e-05,1.0,0.001,1,16,40x40,PrototypicalNetwork,5,5,TKH,b-59-850,False,10,4000,5,exp1_permuted_src_datasets
394,18215.205828631,4.0,1738967130.9918911,,4.7801095206523314e-05,1.0,0.001,1,16,40x40,PrototypicalNetwork,5,5,TKH,b-59-850,False,10,4000,5,exp1_permuted_src_datasets
395,18215.343002524,4.0,1738967131.129138,,2.3565524315927178e-05,1.0,0.001,1,16,40x40,PrototypicalNetwork,5,5,TKH,b-59-850,False,10,4000,5,exp1_permuted_src_datasets
396,18215.520117136,4.0,1738967131.3061903,,2.3797034373274073e-05,1.0,0.001,1,16,40x40,PrototypicalNetwork,5,5,TKH,b-59-850,False,10,4000,5,exp1_permuted_src_datasets
397,18215.696840103,4.0,1738967131.4830236,,1.9441800759523176e-05,1.0,0.001,1,16,40x40,PrototypicalNetwork,5,5,TKH,b-59-850,False,10,4000,5,exp1_permuted_src_datasets
398,18215.888933786,4.0,1738967131.675078,,5.072286512586288e-06,1.0,0.001,1,16,40x40,PrototypicalNetwork,5,5,TKH,b-59-850,False,10,4000,5,exp1_permuted_src_datasets
399,18216.037690584,4.0,1738967131.8237417,,7.70973383623641e-06,1.0,0.001,1,16,40x40,PrototypicalNetwork,5,5,TKH,b-59-850,False,10,4000,5,exp1_permuted_src_datasets
400,18216.168108132,4.0,1738967131.9542496,,6.437175215978641e-06,1.0,0.001,1,16,40x40,PrototypicalNetwork,5,5,TKH,b-59-850,False,10,4000,5,exp1_permuted_src_datasets
401,18216.333974623,4.0,1738967132.1200957,,6.109247806307394e-06,1.0,0.001,1,16,40x40,PrototypicalNetwork,5,5,TKH,b-59-850,False,10,4000,5,exp1_permuted_src_datasets
402,18216.516098226,4.0,1738967132.3021307,,1.7628001387492986e-06,1.0,0.001,1,16,40x40,PrototypicalNetwork,5,5,TKH,b-59-850,False,10,4000,5,exp1_permuted_src_datasets
403,18216.706262188,4.0,1738967132.4924746,,4.569903921947116e-06,1.0,0.001,1,16,40x40,PrototypicalNetwork,5,5,TKH,b-59-850,False,10,4000,5,exp1_permuted_src_datasets
404,18216.885483609,4.0,1738967132.6716669,,3.3631513360887766e-06,1.0,0.001,1,16,40x40,PrototypicalNetwork,5,5,TKH,b-59-850,False,10,4000,5,exp1_permuted_src_datasets
405,18217.021315863,4.0,1738967132.8074222,,2.8088454655517126e-06,1.0,0.001,1,16,40x40,PrototypicalNetwork,5,5,TKH,b-59-850,False,10,4000,5,exp1_permuted_src_datasets
406,18217.198859975,4.0,1738967132.9850862,,3.4003569453489035e-06,1.0,0.001,1,16,40x40,PrototypicalNetwork,5,5,TKH,b-59-850,False,10,4000,5,exp1_permuted_src_datasets
407,18217.373318267,4.0,1738967133.1589248,,2.2709123186359648e-06,1.0,0.001,1,16,40x40,PrototypicalNetwork,5,5,TKH,b-59-850,False,10,4000,5,exp1_permuted_src_datasets
408,18217.584835418,4.0,1738967133.3710043,,1.5243838333844906e-06,1.0,0.001,1,16,40x40,PrototypicalNetwork,5,5,TKH,b-59-850,False,10,4000,5,exp1_permuted_src_datasets
409,18217.779723,4.0,1738967133.565758,,2.7089733976026764e-06,1.0,0.001,1,16,40x40,PrototypicalNetwork,5,5,TKH,b-59-850,False,10,4000,5,exp1_permuted_src_datasets
410,18217.948425261,4.0,1738967133.734568,,2.23366669160896e-06,1.0,0.001,1,16,40x40,PrototypicalNetwork,5,5,TKH,b-59-850,False,10,4000,5,exp1_permuted_src_datasets
411,18218.135941615,4.0,1738967133.9221253,,1.5437530009876355e-06,1.0,0.001,1,16,40x40,PrototypicalNetwork,5,5,TKH,b-59-850,False,10,4000,5,exp1_permuted_src_datasets
412,18218.323608325,4.0,1738967134.1097593,,9.536717584524013e-07,1.0,0.001,1,16,40x40,PrototypicalNetwork,5,5,TKH,b-59-850,False,10,4000,5,exp1_permuted_src_datasets
413,18218.507963163,4.0,1738967134.2939794,,1.0207270406681346e-06,1.0,0.001,1,16,40x40,PrototypicalNetwork,5,5,TKH,b-59-850,False,10,4000,5,exp1_permuted_src_datasets
414,18218.7242252,4.0,1738967134.5103571,,1.4707372884004144e-06,1.0,0.001,1,16,40x40,PrototypicalNetwork,5,5,TKH,b-59-850,False,10,4000,5,exp1_permuted_src_datasets
415,18218.911184624,4.0,1738967134.6972175,,8.463829317406635e-07,1.0,0.001,1,16,40x40,PrototypicalNetwork,5,5,TKH,b-59-850,False,10,4000,5,exp1_permuted_src_datasets
416,18219.044270833,4.0,1738967134.8304706,,3.756457999770646e-06,1.0,0.001,1,16,40x40,PrototypicalNetwork,5,5,TKH,b-59-850,False,10,4000,5,exp1_permuted_src_datasets
417,18219.157351048,4.0,1738967134.9435313,,4.738563745831925e-07,1.0,0.001,1,16,40x40,PrototypicalNetwork,5,5,TKH,b-59-850,False,10,4000,5,exp1_permuted_src_datasets
418,18219.283161245,4.0,1738967135.0692708,,6.0796639900218e-07,1.0,0.001,1,16,40x40,PrototypicalNetwork,5,5,TKH,b-59-850,False,10,4000,5,exp1_permuted_src_datasets
419,18219.408729905,4.0,1738967135.1948423,,1.375368583467207e-06,1.0,0.001,1,16,40x40,PrototypicalNetwork,5,5,TKH,b-59-850,False,10,4000,5,exp1_permuted_src_datasets
420,18219.542423393,4.0,1738967135.328604,,3.813033572441782e-06,1.0,0.001,1,16,40x40,PrototypicalNetwork,5,5,TKH,b-59-850,False,10,4000,5,exp1_permuted_src_datasets
421,18219.826200478,4.0,1738967135.6121116,,1.3634501101478236e-06,1.0,0.001,1,16,40x40,PrototypicalNetwork,5,5,TKH,b-59-850,False,10,4000,5,exp1_permuted_src_datasets
422,18220.038973148,4.0,1738967135.8249705,,9.93904336610285e-07,1.0,0.001,1,16,40x40,PrototypicalNetwork,5,5,TKH,b-59-850,False,10,4000,5,exp1_permuted_src_datasets
423,18220.238606877,4.0,1738967136.0246248,,1.484132326368126e-06,1.0,0.001,1,16,40x40,PrototypicalNetwork,5,5,TKH,b-59-850,False,10,4000,5,exp1_permuted_src_datasets
424,18220.423587729,4.0,1738967136.2095098,,6.392587579284736e-07,1.0,0.001,1,16,40x40,PrototypicalNetwork,5,5,TKH,b-59-850,False,10,4000,5,exp1_permuted_src_datasets
425,18220.68028681,4.0,1738967136.466377,,5.736938533118519e-07,1.0,0.001,1,16,40x40,PrototypicalNetwork,5,5,TKH,b-59-850,False,10,4000,5,exp1_permuted_src_datasets
426,18220.898641161,4.0,1738967136.684736,,5.260104671833687e-07,1.0,0.001,1,16,40x40,PrototypicalNetwork,5,5,TKH,b-59-850,False,10,4000,5,exp1_permuted_src_datasets
427,18221.067335973,4.0,1738967136.8534968,,6.735296551596548e-07,1.0,0.001,1,16,40x40,PrototypicalNetwork,5,5,TKH,b-59-850,False,10,4000,5,exp1_permuted_src_datasets
428,18221.246629809,4.0,1738967137.03263,,8.374401545552246e-07,1.0,0.001,1,16,40x40,PrototypicalNetwork,5,5,TKH,b-59-850,False,10,4000,5,exp1_permuted_src_datasets
429,18221.43536115,4.0,1738967137.2214937,,5.230284614299308e-07,1.0,0.001,1,16,40x40,PrototypicalNetwork,5,5,TKH,b-59-850,False,10,4000,5,exp1_permuted_src_datasets
430,18221.663358938,4.0,1738967137.449457,,7.927376941552211e-07,1.0,0.001,1,16,40x40,PrototypicalNetwork,5,5,TKH,b-59-850,False,10,4000,5,exp1_permuted_src_datasets
431,18221.863360411,4.0,1738967137.649461,,5.930652946517512e-07,1.0,0.001,1,16,40x40,PrototypicalNetwork,5,5,TKH,b-59-850,False,10,4000,5,exp1_permuted_src_datasets
432,18222.048263288,4.0,1738967137.834317,,7.837984412617516e-07,1.0,0.001,1,16,40x40,PrototypicalNetwork,5,5,TKH,b-59-850,False,10,4000,5,exp1_permuted_src_datasets
433,18222.23760031,4.0,1738967138.023633,,6.899206823618442e-07,1.0,0.001,1,16,40x40,PrototypicalNetwork,5,5,TKH,b-59-850,False,10,4000,5,exp1_permuted_src_datasets
434,18222.408428527,4.0,1738967138.194527,,5.945556722508627e-07,1.0,0.001,1,16,40x40,PrototypicalNetwork,5,5,TKH,b-59-850,False,10,4000,5,exp1_permuted_src_datasets
435,18222.56458357,4.0,1738967138.3507414,,9.059841659109225e-07,1.0,0.001,1,16,40x40,PrototypicalNetwork,5,5,TKH,b-59-850,False,10,4000,5,exp1_permuted_src_datasets
436,18222.732944919,4.0,1738967138.519024,,9.775133094080957e-07,1.0,0.001,1,16,40x40,PrototypicalNetwork,5,5,TKH,b-59-850,False,10,4000,5,exp1_permuted_src_datasets
437,18222.916183089,4.0,1738967138.7023344,,8.82142217051296e-07,1.0,0.001,1,16,40x40,PrototypicalNetwork,5,5,TKH,b-59-850,False,10,4000,5,exp1_permuted_src_datasets
438,18223.071319832,4.0,1738967138.8574178,,7.733668212495104e-07,1.0,0.001,1,16,40x40,PrototypicalNetwork,5,5,TKH,b-59-850,False,10,4000,5,exp1_permuted_src_datasets
439,18223.234266406,4.0,1738967139.0203943,,3.501768901514879e-07,1.0,0.001,1,16,40x40,PrototypicalNetwork,5,5,TKH,b-59-850,False,10,4000,5,exp1_permuted_src_datasets
440,18223.400780662,4.0,1738967139.187006,,5.021685751671612e-07,1.0,0.001,1,16,40x40,PrototypicalNetwork,5,5,TKH,b-59-850,False,10,4000,5,exp1_permuted_src_datasets
441,18223.57570844,4.0,1738967139.36182,,5.409107757259335e-07,1.0,0.001,1,16,40x40,PrototypicalNetwork,5,5,TKH,b-59-850,False,10,4000,5,exp1_permuted_src_datasets
442,18223.809242256,4.0,1738967139.5951939,,9.357862040815235e-07,1.0,0.001,1,16,40x40,PrototypicalNetwork,5,5,TKH,b-59-850,False,10,4000,5,exp1_permuted_src_datasets
443,18223.995233379,4.0,1738967139.7811942,,1.8283438976141042e-06,1.0,0.001,1,16,40x40,PrototypicalNetwork,5,5,TKH,b-59-850,False,10,4000,5,exp1_permuted_src_datasets
444,18224.236984346,4.0,1738967140.023043,,6.794911655561009e-07,1.0,0.001,1,16,40x40,PrototypicalNetwork,5,5,TKH,b-59-850,False,10,4000,5,exp1_permuted_src_datasets
445,18224.469040456,4.0,1738967140.255139,,3.5613743420981336e-07,1.0,0.001,1,16,40x40,PrototypicalNetwork,5,5,TKH,b-59-850,False,10,4000,5,exp1_permuted_src_datasets
446,20199.153190028,4.0,1738969114.939529,0.9288999989032746,,,0.001,1,16,40x40,PrototypicalNetwork,5,5,TKH,b-59-850,False,10,4000,5,exp1_permuted_src_datasets
447,20199.341710377,4.0,1738969115.127901,,5.975357453280594e-07,1.0,0.001,1,16,40x40,PrototypicalNetwork,5,5,TKH,b-59-850,False,10,4000,5,exp1_permuted_src_datasets
448,20199.507018909,4.0,1738969115.2931266,,1.0654264315235196e-06,1.0,0.001,1,16,40x40,PrototypicalNetwork,5,5,TKH,b-59-850,False,10,4000,5,exp1_permuted_src_datasets
449,20199.671773905,4.0,1738969115.4579568,,4.708761025540298e-07,1.0,0.001,1,16,40x40,PrototypicalNetwork,5,5,TKH,b-59-850,False,10,4000,5,exp1_permuted_src_datasets
450,20199.855065828,4.0,1738969115.6411695,,5.036579864281521e-07,1.0,0.001,1,16,40x40,PrototypicalNetwork,5,5,TKH,b-59-850,False,10,4000,5,exp1_permuted_src_datasets
451,20200.045423736,4.0,1738969115.8315203,,4.48524076546164e-07,1.0,0.001,1,16,40x40,PrototypicalNetwork,5,5,TKH,b-59-850,False,10,4000,5,exp1_permuted_src_datasets
452,20200.252481591,4.0,1738969116.0385914,,6.80981713685469e-07,1.0,0.001,1,16,40x40,PrototypicalNetwork,5,5,TKH,b-59-850,False,10,4000,5,exp1_permuted_src_datasets
453,20200.460936995,4.0,1738969116.247146,,6.198843038873747e-07,1.0,0.001,1,16,40x40,PrototypicalNetwork,5,5,TKH,b-59-850,False,10,4000,5,exp1_permuted_src_datasets
454,20200.653502094,4.0,1738969116.4395974,,6.392587010850548e-07,1.0,0.001,1,16,40x40,PrototypicalNetwork,5,5,TKH,b-59-850,False,10,4000,5,exp1_permuted_src_datasets
455,20200.855202409,4.0,1738969116.6413631,,6.541598622789024e-07,1.0,0.001,1,16,40x40,PrototypicalNetwork,5,5,TKH,b-59-850,False,10,4000,5,exp1_permuted_src_datasets
456,20201.019786217,4.0,1738969116.8059192,,4.96207917421998e-07,1.0,0.001,1,16,40x40,PrototypicalNetwork,5,5,TKH,b-59-850,False,10,4000,5,exp1_permuted_src_datasets
457,20201.203733475,4.0,1738969116.9898524,,1.2546687457870576e-06,1.0,0.001,1,16,40x40,PrototypicalNetwork,5,5,TKH,b-59-850,False,10,4000,5,exp1_permuted_src_datasets
458,20201.445914789,4.0,1738969117.2320428,,9.104525702241517e-07,1.0,0.001,1,16,40x40,PrototypicalNetwork,5,5,TKH,b-59-850,False,10,4000,5,exp1_permuted_src_datasets
459,20201.662056959,4.0,1738969117.4482028,,2.9951314672871376e-07,1.0,0.001,1,16,40x40,PrototypicalNetwork,5,5,TKH,b-59-850,False,10,4000,5,exp1_permuted_src_datasets
460,20201.844119096,4.0,1738969117.63029,,5.021680635763914e-07,1.0,0.001,1,16,40x40,PrototypicalNetwork,5,5,TKH,b-59-850,False,10,4000,5,exp1_permuted_src_datasets
461,20201.984992504,4.0,1738969117.7711654,,8.19561876141961e-07,1.0,0.001,1,16,40x40,PrototypicalNetwork,5,5,TKH,b-59-850,False,10,4000,5,exp1_permuted_src_datasets
462,20202.16564754,4.0,1738969117.951771,,5.900847099837847e-07,1.0,0.001,1,16,40x40,PrototypicalNetwork,5,5,TKH,b-59-850,False,10,4000,5,exp1_permuted_src_datasets
463,20202.341516629,4.0,1738969118.1275718,,8.32971068120969e-07,1.0,0.001,1,16,40x40,PrototypicalNetwork,5,5,TKH,b-59-850,False,10,4000,5,exp1_permuted_src_datasets
464,20202.497301665,4.0,1738969118.2834225,,6.884325784994871e-07,1.0,0.001,1,16,40x40,PrototypicalNetwork,5,5,TKH,b-59-850,False,10,4000,5,exp1_permuted_src_datasets
465,20202.659202458,4.0,1738969118.4453125,,3.799792978043115e-07,1.0,0.001,1,16,40x40,PrototypicalNetwork,5,5,TKH,b-59-850,False,10,4000,5,exp1_permuted_src_datasets
466,20202.807497405,4.0,1738969118.5936809,,5.140892653798801e-07,1.0,0.001,1,16,40x40,PrototypicalNetwork,5,5,TKH,b-59-850,False,10,4000,5,exp1_permuted_src_datasets
467,20202.988893202,4.0,1738969118.7750576,,2.890822088374989e-07,1.0,0.001,1,16,40x40,PrototypicalNetwork,5,5,TKH,b-59-850,False,10,4000,5,exp1_permuted_src_datasets
468,20203.182553553,4.0,1738969118.9686844,,7.972072353368276e-07,1.0,0.001,1,16,40x40,PrototypicalNetwork,5,5,TKH,b-59-850,False,10,4000,5,exp1_permuted_src_datasets
469,20203.377286036,4.0,1738969119.1634169,,1.9967542641552427e-07,1.0,0.001,1,16,40x40,PrototypicalNetwork,5,5,TKH,b-59-850,False,10,4000,5,exp1_permuted_src_datasets
470,20203.566960203,4.0,1738969119.3530698,,4.0233084064311697e-07,1.0,0.001,1,16,40x40,PrototypicalNetwork,5,5,TKH,b-59-850,False,10,4000,5,exp1_permuted_src_datasets
471,20203.733372657,4.0,1738969119.5194829,,5.379298499974539e-07,1.0,0.001,1,16,40x40,PrototypicalNetwork,5,5,TKH,b-59-850,False,10,4000,5,exp1_permuted_src_datasets
472,20203.889910442,4.0,1738969119.6760619,,3.1143409273681755e-07,1.0,0.001,1,16,40x40,PrototypicalNetwork,5,5,TKH,b-59-850,False,10,4000,5,exp1_permuted_src_datasets
473,20204.067188654,4.0,1738969119.8533714,,4.4107378016633447e-07,1.0,0.001,1,16,40x40,PrototypicalNetwork,5,5,TKH,b-59-850,False,10,4000,5,exp1_permuted_src_datasets
474,20204.295440545,4.0,1738969120.0816078,,4.6342515247488336e-07,1.0,0.001,1,16,40x40,PrototypicalNetwork,5,5,TKH,b-59-850,False,10,4000,5,exp1_permuted_src_datasets
475,20204.499309445,4.0,1738969120.2854855,,5.960451971986913e-07,1.0,0.001,1,16,40x40,PrototypicalNetwork,5,5,TKH,b-59-850,False,10,4000,5,exp1_permuted_src_datasets
476,20204.673646415,4.0,1738969120.4598074,,1.3261827689348138e-06,1.0,0.001,1,16,40x40,PrototypicalNetwork,5,5,TKH,b-59-850,False,10,4000,5,exp1_permuted_src_datasets
477,20204.812555058,4.0,1738969120.598649,,4.187219531104347e-07,1.0,0.001,1,16,40x40,PrototypicalNetwork,5,5,TKH,b-59-850,False,10,4000,5,exp1_permuted_src_datasets
478,20204.993806735,4.0,1738969120.7799392,,1.341082452199771e-06,1.0,0.001,1,16,40x40,PrototypicalNetwork,5,5,TKH,b-59-850,False,10,4000,5,exp1_permuted_src_datasets
479,20205.162801805,4.0,1738969120.9489496,,1.922248884511646e-07,1.0,0.001,1,16,40x40,PrototypicalNetwork,5,5,TKH,b-59-850,False,10,4000,5,exp1_permuted_src_datasets
480,20205.366325524,4.0,1738969121.1524675,,5.394210234044294e-07,1.0,0.001,1,16,40x40,PrototypicalNetwork,5,5,TKH,b-59-850,False,10,4000,5,exp1_permuted_src_datasets
481,20205.546720287,4.0,1738969121.3329628,,6.422384331017383e-07,1.0,0.001,1,16,40x40,PrototypicalNetwork,5,5,TKH,b-59-850,False,10,4000,5,exp1_permuted_src_datasets
482,20205.706411188,4.0,1738969121.4925916,,4.3809296812469256e-07,1.0,0.001,1,16,40x40,PrototypicalNetwork,5,5,TKH,b-59-850,False,10,4000,5,exp1_permuted_src_datasets
483,20205.88671093,4.0,1738969121.6729324,,4.574649778987805e-07,1.0,0.001,1,16,40x40,PrototypicalNetwork,5,5,TKH,b-59-850,False,10,4000,5,exp1_permuted_src_datasets
484,20206.044303072,4.0,1738969121.8300517,,4.336232564128295e-07,1.0,0.001,1,16,40x40,PrototypicalNetwork,5,5,TKH,b-59-850,False,10,4000,5,exp1_permuted_src_datasets
485,20206.209877447,4.0,1738969121.9960058,,6.332967927846767e-07,1.0,0.001,1,16,40x40,PrototypicalNetwork,5,5,TKH,b-59-850,False,10,4000,5,exp1_permuted_src_datasets
486,20206.424892266,4.0,1738969122.2110665,,6.422384331017383e-07,1.0,0.001,1,16,40x40,PrototypicalNetwork,5,5,TKH,b-59-850,False,10,4000,5,exp1_permuted_src_datasets
487,20206.623044909,4.0,1738969122.4092214,,3.5911767781726667e-07,1.0,0.001,1,16,40x40,PrototypicalNetwork,5,5,TKH,b-59-850,False,10,4000,5,exp1_permuted_src_datasets
488,20206.816272642,4.0,1738969122.6024601,,3.0547360552191094e-07,1.0,0.001,1,16,40x40,PrototypicalNetwork,5,5,TKH,b-59-850,False,10,4000,5,exp1_permuted_src_datasets
489,20207.013330947,4.0,1738969122.7993803,,3.337855218887853e-07,1.0,0.001,1,16,40x40,PrototypicalNetwork,5,5,TKH,b-59-850,False,10,4000,5,exp1_permuted_src_datasets
490,20207.191741288,4.0,1738969122.9779062,,4.2617244844223023e-07,1.0,0.001,1,16,40x40,PrototypicalNetwork,5,5,TKH,b-59-850,False,10,4000,5,exp1_permuted_src_datasets
491,20207.378186312,4.0,1738969123.1643448,,5.677333092535264e-07,1.0,0.001,1,16,40x40,PrototypicalNetwork,5,5,TKH,b-59-850,False,10,4000,5,exp1_permuted_src_datasets
492,20207.554653208,4.0,1738969123.3406456,,5.304804062689072e-07,1.0,0.001,1,16,40x40,PrototypicalNetwork,5,5,TKH,b-59-850,False,10,4000,5,exp1_permuted_src_datasets
493,20207.784748082,4.0,1738969123.5709333,,4.3958380047115497e-07,1.0,0.001,1,16,40x40,PrototypicalNetwork,5,5,TKH,b-59-850,False,10,4000,5,exp1_permuted_src_datasets
494,20207.956552157,4.0,1738969123.742686,,1.9818534724436176e-07,1.0,0.001,1,16,40x40,PrototypicalNetwork,5,5,TKH,b-59-850,False,10,4000,5,exp1_permuted_src_datasets
495,20208.141417328,4.0,1738969123.9274929,,5.453808853417286e-07,1.0,0.001,1,16,40x40,PrototypicalNetwork,5,5,TKH,b-59-850,False,10,4000,5,exp1_permuted_src_datasets
496,20208.360571946,4.0,1738969124.1466858,,4.2170213987446914e-07,1.0,0.001,1,16,40x40,PrototypicalNetwork,5,5,TKH,b-59-850,False,10,4000,5,exp1_permuted_src_datasets
497,20208.537758698,4.0,1738969124.3239095,,4.2617256212906796e-07,1.0,0.001,1,16,40x40,PrototypicalNetwork,5,5,TKH,b-59-850,False,10,4000,5,exp1_permuted_src_datasets
498,20208.723670478,4.0,1738969124.5098495,,5.975358590148971e-07,1.0,0.001,1,16,40x40,PrototypicalNetwork,5,5,TKH,b-59-850,False,10,4000,5,exp1_permuted_src_datasets
499,20208.871996754,4.0,1738969124.6581824,,3.382561430953501e-07,1.0,0.001,1,16,40x40,PrototypicalNetwork,5,5,TKH,b-59-850,False,10,4000,5,exp1_permuted_src_datasets
500,20209.034433281,4.0,1738969124.8205674,,5.066381731921865e-07,1.0,0.001,1,16,40x40,PrototypicalNetwork,5,5,TKH,b-59-850,False,10,4000,5,exp1_permuted_src_datasets
501,20209.230917347,4.0,1738969125.017053,,5.722034757127403e-07,1.0,0.001,1,16,40x40,PrototypicalNetwork,5,5,TKH,b-59-850,False,10,4000,5,exp1_permuted_src_datasets
502,20209.413941327,4.0,1738969125.2001176,,4.649153595437383e-07,1.0,0.001,1,16,40x40,PrototypicalNetwork,5,5,TKH,b-59-850,False,10,4000,5,exp1_permuted_src_datasets
503,20209.566047069,4.0,1738969125.352213,,2.205370321917144e-07,1.0,0.001,1,16,40x40,PrototypicalNetwork,5,5,TKH,b-59-850,False,10,4000,5,exp1_permuted_src_datasets
504,20209.772695859,4.0,1738969125.5588193,,2.205370321917144e-07,1.0,0.001,1,16,40x40,PrototypicalNetwork,5,5,TKH,b-59-850,False,10,4000,5,exp1_permuted_src_datasets
505,20209.932271702,4.0,1738969125.7184422,,4.470342958029505e-07,1.0,0.001,1,16,40x40,PrototypicalNetwork,5,5,TKH,b-59-850,False,10,4000,5,exp1_permuted_src_datasets
506,20210.099982308,4.0,1738969125.886183,,2.1755684542767995e-07,1.0,0.001,1,16,40x40,PrototypicalNetwork,5,5,TKH,b-59-850,False,10,4000,5,exp1_permuted_src_datasets
507,20210.278452025,4.0,1738969126.0645876,,4.962075763614848e-07,1.0,0.001,1,16,40x40,PrototypicalNetwork,5,5,TKH,b-59-850,False,10,4000,5,exp1_permuted_src_datasets
508,20210.432645243,4.0,1738969126.2188475,,6.929014375600673e-07,1.0,0.001,1,16,40x40,PrototypicalNetwork,5,5,TKH,b-59-850,False,10,4000,5,exp1_permuted_src_datasets
509,22257.629747692,4.0,1738971173.4160888,0.9284499988555909,,,0.001,1,16,40x40,PrototypicalNetwork,5,5,TKH,b-59-850,False,10,4000,5,exp1_permuted_src_datasets
510,22257.751723092,4.0,1738971173.5379243,,5.349508001017966e-07,1.0,0.001,1,16,40x40,PrototypicalNetwork,5,5,TKH,b-59-850,False,10,4000,5,exp1_permuted_src_datasets
511,22257.916059975,4.0,1738971173.7022524,,4.127615795823658e-07,1.0,0.001,1,16,40x40,PrototypicalNetwork,5,5,TKH,b-59-850,False,10,4000,5,exp1_permuted_src_datasets
512,22258.099948962,4.0,1738971173.8861508,,2.384183943604512e-07,1.0,0.001,1,16,40x40,PrototypicalNetwork,5,5,TKH,b-59-850,False,10,4000,5,exp1_permuted_src_datasets
513,22258.286320533,4.0,1738971174.0724952,,3.9041006516526977e-07,1.0,0.001,1,16,40x40,PrototypicalNetwork,5,5,TKH,b-59-850,False,10,4000,5,exp1_permuted_src_datasets
514,22258.482111088,4.0,1738971174.2682974,,2.3543819338556204e-07,1.0,0.001,1,16,40x40,PrototypicalNetwork,5,5,TKH,b-59-850,False,10,4000,5,exp1_permuted_src_datasets
515,22258.633886093,4.0,1738971174.4200144,,3.7401869690256717e-07,1.0,0.001,1,16,40x40,PrototypicalNetwork,5,5,TKH,b-59-850,False,10,4000,5,exp1_permuted_src_datasets
516,22258.809658857,4.0,1738971174.5957992,,3.6060782804270275e-07,1.0,0.001,1,16,40x40,PrototypicalNetwork,5,5,TKH,b-59-850,False,10,4000,5,exp1_permuted_src_datasets
517,22259.022135168,4.0,1738971174.8082156,,3.9637035342821036e-07,1.0,0.001,1,16,40x40,PrototypicalNetwork,5,5,TKH,b-59-850,False,10,4000,5,exp1_permuted_src_datasets
518,22259.246105681,4.0,1738971175.032166,,3.2931544069469965e-07,1.0,0.001,1,16,40x40,PrototypicalNetwork,5,5,TKH,b-59-850,False,10,4000,5,exp1_permuted_src_datasets
519,22259.473478872,4.0,1738971175.2595859,,5.85614429837733e-07,1.0,0.001,1,16,40x40,PrototypicalNetwork,5,5,TKH,b-59-850,False,10,4000,5,exp1_permuted_src_datasets
520,22259.650101284,4.0,1738971175.4362695,,3.084538207076548e-07,1.0,0.001,1,16,40x40,PrototypicalNetwork,5,5,TKH,b-59-850,False,10,4000,5,exp1_permuted_src_datasets
521,22259.812153028,4.0,1738971175.5983331,,3.382560294085124e-07,1.0,0.001,1,16,40x40,PrototypicalNetwork,5,5,TKH,b-59-850,False,10,4000,5,exp1_permuted_src_datasets
522,22259.967480058,4.0,1738971175.7536159,,2.935526879355166e-07,1.0,0.001,1,16,40x40,PrototypicalNetwork,5,5,TKH,b-59-850,False,10,4000,5,exp1_permuted_src_datasets
523,22260.109800625,4.0,1738971175.8959746,,2.39908558796742e-07,1.0,0.001,1,16,40x40,PrototypicalNetwork,5,5,TKH,b-59-850,False,10,4000,5,exp1_permuted_src_datasets
524,22260.329499671,4.0,1738971176.1156194,,2.6971082434101845e-07,1.0,0.001,1,16,40x40,PrototypicalNetwork,5,5,TKH,b-59-850,False,10,4000,5,exp1_permuted_src_datasets
525,22260.507995693,4.0,1738971176.2942717,,3.367660497133329e-07,1.0,0.001,1,16,40x40,PrototypicalNetwork,5,5,TKH,b-59-850,False,10,4000,5,exp1_permuted_src_datasets
526,22260.697351261,4.0,1738971176.483483,,3.9786050365364645e-07,1.0,0.001,1,16,40x40,PrototypicalNetwork,5,5,TKH,b-59-850,False,10,4000,5,exp1_permuted_src_datasets
527,22260.895350682,4.0,1738971176.6814868,,6.079663421587611e-07,1.0,0.001,1,16,40x40,PrototypicalNetwork,5,5,TKH,b-59-850,False,10,4000,5,exp1_permuted_src_datasets
528,22261.147596304,4.0,1738971176.9336984,,1.2948888752362109e-06,1.0,0.001,1,16,40x40,PrototypicalNetwork,5,5,TKH,b-59-850,False,10,4000,5,exp1_permuted_src_datasets
529,22261.394498443,4.0,1738971177.1805742,,2.592800569800602e-07,1.0,0.001,1,16,40x40,PrototypicalNetwork,5,5,TKH,b-59-850,False,10,4000,5,exp1_permuted_src_datasets
530,22261.621338247,4.0,1738971177.4074967,,2.801415632802673e-07,1.0,0.001,1,16,40x40,PrototypicalNetwork,5,5,TKH,b-59-850,False,10,4000,5,exp1_permuted_src_datasets
531,22261.824838965,4.0,1738971177.6110578,,1.4454117547302303e-07,1.0,0.001,1,16,40x40,PrototypicalNetwork,5,5,TKH,b-59-850,False,10,4000,5,exp1_permuted_src_datasets
532,22262.002140624,4.0,1738971177.788318,,3.6358807165015605e-07,1.0,0.001,1,16,40x40,PrototypicalNetwork,5,5,TKH,b-59-850,False,10,4000,5,exp1_permuted_src_datasets
533,22262.160176499,4.0,1738971177.9463675,,2.3990853037503257e-07,1.0,0.001,1,16,40x40,PrototypicalNetwork,5,5,TKH,b-59-850,False,10,4000,5,exp1_permuted_src_datasets
534,22262.327879476,4.0,1738971178.1140473,,3.09943715137706e-07,1.0,0.001,1,16,40x40,PrototypicalNetwork,5,5,TKH,b-59-850,False,10,4000,5,exp1_permuted_src_datasets
535,22262.537165267,4.0,1738971178.3233087,,4.902461228084576e-07,1.0,0.001,1,16,40x40,PrototypicalNetwork,5,5,TKH,b-59-850,False,10,4000,5,exp1_permuted_src_datasets
536,22262.713793383,4.0,1738971178.499984,,4.842873408961168e-07,1.0,0.001,1,16,40x40,PrototypicalNetwork,5,5,TKH,b-59-850,False,10,4000,5,exp1_permuted_src_datasets
537,22262.860519019,4.0,1738971178.6466124,,6.064759077162307e-07,1.0,0.001,1,16,40x40,PrototypicalNetwork,5,5,TKH,b-59-850,False,10,4000,5,exp1_permuted_src_datasets
538,22263.079581103,4.0,1738971178.8657465,,4.827968496101676e-07,1.0,0.001,1,16,40x40,PrototypicalNetwork,5,5,TKH,b-59-850,False,10,4000,5,exp1_permuted_src_datasets
539,22263.279972575,4.0,1738971179.0661528,,3.665681447273528e-07,1.0,0.001,1,16,40x40,PrototypicalNetwork,5,5,TKH,b-59-850,False,10,4000,5,exp1_permuted_src_datasets
540,22263.429043693,4.0,1738971179.2152507,,2.9951306146358547e-07,1.0,0.001,1,16,40x40,PrototypicalNetwork,5,5,TKH,b-59-850,False,10,4000,5,exp1_permuted_src_datasets
541,22263.570127787,4.0,1738971179.3561041,,8.225414376283879e-07,1.0,0.001,1,16,40x40,PrototypicalNetwork,5,5,TKH,b-59-850,False,10,4000,5,exp1_permuted_src_datasets
542,22263.711845626,4.0,1738971179.4980326,,3.14414080548886e-07,1.0,0.001,1,16,40x40,PrototypicalNetwork,5,5,TKH,b-59-850,False,10,4000,5,exp1_permuted_src_datasets
543,22263.861260883,4.0,1738971179.6474774,,3.665681731490622e-07,1.0,0.001,1,16,40x40,PrototypicalNetwork,5,5,TKH,b-59-850,False,10,4000,5,exp1_permuted_src_datasets
544,22264.046057409,4.0,1738971179.8322544,,2.2500739760289434e-07,1.0,0.001,1,16,40x40,PrototypicalNetwork,5,5,TKH,b-59-850,False,10,4000,5,exp1_permuted_src_datasets
545,22264.208300488,4.0,1738971179.99441,,2.905724727497727e-07,1.0,0.001,1,16,40x40,PrototypicalNetwork,5,5,TKH,b-59-850,False,10,4000,5,exp1_permuted_src_datasets
546,22264.35166626,4.0,1738971180.1378489,,4.410733254189836e-07,1.0,0.001,1,16,40x40,PrototypicalNetwork,5,5,TKH,b-59-850,False,10,4000,5,exp1_permuted_src_datasets
547,22264.556881715,4.0,1738971180.3430684,,5.736938533118519e-07,1.0,0.001,1,16,40x40,PrototypicalNetwork,5,5,TKH,b-59-850,False,10,4000,5,exp1_permuted_src_datasets
548,22264.731860138,4.0,1738971180.5180364,,4.798162080987822e-07,1.0,0.001,1,16,40x40,PrototypicalNetwork,5,5,TKH,b-59-850,False,10,4000,5,exp1_permuted_src_datasets
549,22264.945391188,4.0,1738971180.7315435,,2.726910395267623e-07,1.0,0.001,1,16,40x40,PrototypicalNetwork,5,5,TKH,b-59-850,False,10,4000,5,exp1_permuted_src_datasets
550,22265.167830871,4.0,1738971180.953954,,6.303177428890194e-07,1.0,0.001,1,16,40x40,PrototypicalNetwork,5,5,TKH,b-59-850,False,10,4000,5,exp1_permuted_src_datasets
551,22265.364685937,4.0,1738971181.1508944,,6.884306458232459e-07,1.0,0.001,1,16,40x40,PrototypicalNetwork,5,5,TKH,b-59-850,False,10,4000,5,exp1_permuted_src_datasets
552,22265.591843514,4.0,1738971181.3779237,,2.980229965032777e-07,1.0,0.001,1,16,40x40,PrototypicalNetwork,5,5,TKH,b-59-850,False,10,4000,5,exp1_permuted_src_datasets
553,22265.799585034,4.0,1738971181.5857065,,3.6805846548304544e-07,1.0,0.001,1,16,40x40,PrototypicalNetwork,5,5,TKH,b-59-850,False,10,4000,5,exp1_permuted_src_datasets
554,22266.01259137,4.0,1738971181.7986157,,4.008407756828092e-07,1.0,0.001,1,16,40x40,PrototypicalNetwork,5,5,TKH,b-59-850,False,10,4000,5,exp1_permuted_src_datasets
555,22266.194157685,4.0,1738971181.9804068,,3.278252336258447e-07,1.0,0.001,1,16,40x40,PrototypicalNetwork,5,5,TKH,b-59-850,False,10,4000,5,exp1_permuted_src_datasets
556,22266.375447981,4.0,1738971182.161637,,3.710386522470799e-07,1.0,0.001,1,16,40x40,PrototypicalNetwork,5,5,TKH,b-59-850,False,10,4000,5,exp1_permuted_src_datasets
557,22266.593163533,4.0,1738971182.3792834,,3.7997907043063606e-07,1.0,0.001,1,16,40x40,PrototypicalNetwork,5,5,TKH,b-59-850,False,10,4000,5,exp1_permuted_src_datasets
558,22266.765606132,4.0,1738971182.551835,,5.424013806987205e-07,1.0,0.001,1,16,40x40,PrototypicalNetwork,5,5,TKH,b-59-850,False,10,4000,5,exp1_permuted_src_datasets
559,22266.934777047,4.0,1738971182.7209716,,3.2633425917083514e-07,1.0,0.001,1,16,40x40,PrototypicalNetwork,5,5,TKH,b-59-850,False,10,4000,5,exp1_permuted_src_datasets
560,22267.08530205,4.0,1738971182.871494,,2.622602437440946e-07,1.0,0.001,1,16,40x40,PrototypicalNetwork,5,5,TKH,b-59-850,False,10,4000,5,exp1_permuted_src_datasets
561,22267.280614762,4.0,1738971183.0667622,,3.0994391408967203e-07,1.0,0.001,1,16,40x40,PrototypicalNetwork,5,5,TKH,b-59-850,False,10,4000,5,exp1_permuted_src_datasets
562,22267.411852226,4.0,1738971183.1980526,,2.2947770617065544e-07,1.0,0.001,1,16,40x40,PrototypicalNetwork,5,5,TKH,b-59-850,False,10,4000,5,exp1_permuted_src_datasets
563,22267.554867699,4.0,1738971183.3410528,,3.5166712564205227e-07,1.0,0.001,1,16,40x40,PrototypicalNetwork,5,5,TKH,b-59-850,False,10,4000,5,exp1_permuted_src_datasets
564,22267.712258065,4.0,1738971183.498455,,1.4752144750218577e-07,1.0,0.001,1,16,40x40,PrototypicalNetwork,5,5,TKH,b-59-850,False,10,4000,5,exp1_permuted_src_datasets
565,22267.911034939,4.0,1738971183.697207,,2.0712602122330281e-07,1.0,0.001,1,16,40x40,PrototypicalNetwork,5,5,TKH,b-59-850,False,10,4000,5,exp1_permuted_src_datasets
566,22268.137168751,4.0,1738971183.9233375,,4.4554275291375234e-07,1.0,0.001,1,16,40x40,PrototypicalNetwork,5,5,TKH,b-59-850,False,10,4000,5,exp1_permuted_src_datasets
567,22268.332158795,4.0,1738971184.1183755,,2.846119855348661e-07,1.0,0.001,1,16,40x40,PrototypicalNetwork,5,5,TKH,b-59-850,False,10,4000,5,exp1_permuted_src_datasets
568,22268.523560824,4.0,1738971184.3097303,,2.1606675204566272e-07,1.0,0.001,1,16,40x40,PrototypicalNetwork,5,5,TKH,b-59-850,False,10,4000,5,exp1_permuted_src_datasets
569,22268.729381775,4.0,1738971184.515547,,3.129239303234499e-07,1.0,0.001,1,16,40x40,PrototypicalNetwork,5,5,TKH,b-59-850,False,10,4000,5,exp1_permuted_src_datasets
570,22268.914644862,4.0,1738971184.700837,,2.9951311830700433e-07,1.0,0.001,1,16,40x40,PrototypicalNetwork,5,5,TKH,b-59-850,False,10,4000,5,exp1_permuted_src_datasets
571,22269.073697355,4.0,1738971184.8598733,,3.218647464109381e-07,1.0,0.001,1,16,40x40,PrototypicalNetwork,5,5,TKH,b-59-850,False,10,4000,5,exp1_permuted_src_datasets
572,24349.996636479,4.0,1738973265.7830093,0.9283499987125396,,,0.001,1,16,40x40,PrototypicalNetwork,5,5,TKH,b-59-850,False,10,4000,5,exp1_permuted_src_datasets
